,itemname,kindname,countyname,marketname,yyyy,regday,price
0,[],[],평균,[],2016,01/04,"2,500"
1,[],[],평균,[],2016,01/05,"2,500"
2,[],[],평균,[],2016,01/06,"2,500"
3,[],[],평균,[],2016,01/07,"2,500"
4,[],[],평균,[],2016,01/08,"2,500"
5,[],[],평균,[],2016,01/11,"2,500"
6,[],[],평균,[],2016,01/12,"2,500"
7,[],[],평균,[],2016,01/13,"2,500"
8,[],[],평균,[],2016,01/14,"2,500"
9,[],[],평균,[],2016,01/15,"2,500"
10,[],[],평균,[],2016,01/18,"2,500"
11,[],[],평균,[],2016,01/19,"2,500"
12,[],[],평균,[],2016,01/20,"2,500"
13,[],[],평균,[],2016,01/21,"2,500"
14,[],[],평균,[],2016,01/22,"2,500"
15,[],[],평균,[],2016,01/25,"2,500"
16,[],[],평균,[],2016,01/26,"2,500"
17,[],[],평균,[],2016,01/27,"2,500"
18,[],[],평균,[],2016,01/28,"2,500"
19,[],[],평균,[],2016,01/29,"2,500"
20,[],[],평균,[],2016,02/01,"2,500"
21,[],[],평균,[],2016,02/02,"2,500"
22,[],[],평균,[],2016,02/03,"2,500"
23,[],[],평균,[],2016,02/04,"2,500"
24,[],[],평균,[],2016,02/05,"2,500"
25,[],[],평균,[],2016,02/11,"2,500"
26,[],[],평균,[],2016,02/12,"2,500"
27,[],[],평균,[],2016,02/15,"2,500"
28,[],[],평균,[],2016,02/16,"2,500"
29,[],[],평균,[],2016,02/17,"2,500"
30,[],[],평균,[],2016,02/18,"2,300"
31,[],[],평균,[],2016,02/19,"2,300"
32,[],[],평균,[],2016,02/22,"2,300"
33,[],[],평균,[],2016,02/23,"2,300"
34,[],[],평균,[],2016,02/24,"2,300"
35,[],[],평균,[],2016,02/25,"2,300"
36,[],[],평균,[],2016,02/26,"2,300"
37,[],[],평균,[],2016,02/29,"2,300"
38,[],[],평균,[],2016,03/02,"2,300"
39,[],[],평균,[],2016,03/03,"2,300"
40,[],[],평균,[],2016,03/04,"2,300"
41,[],[],평균,[],2016,03/07,"2,300"
42,[],[],평균,[],2016,03/08,"2,300"
43,[],[],평균,[],2016,03/09,"2,300"
44,[],[],평균,[],2016,03/10,"2,300"
45,[],[],평균,[],2016,03/11,"2,300"
46,[],[],평균,[],2016,03/14,"2,300"
47,[],[],평균,[],2016,03/15,"2,300"
48,[],[],평균,[],2016,03/16,"2,300"
49,[],[],평균,[],2016,03/17,"2,300"
50,[],[],평균,[],2016,03/18,"2,300"
51,[],[],평균,[],2016,03/21,"2,300"
52,[],[],평균,[],2016,03/22,"2,300"
53,[],[],평균,[],2016,03/23,"2,300"
54,[],[],평균,[],2016,03/24,"2,300"
55,[],[],평균,[],2016,03/25,"2,300"
56,[],[],평균,[],2016,03/28,"2,300"
57,[],[],평균,[],2016,03/29,"2,300"
58,[],[],평균,[],2016,03/30,"2,300"
59,[],[],평균,[],2016,03/31,"2,300"
60,[],[],평균,[],2016,04/01,"2,000"
61,[],[],평균,[],2016,04/04,"2,000"
62,[],[],평균,[],2016,04/05,"2,000"
63,[],[],평균,[],2016,04/06,"2,000"
64,[],[],평균,[],2016,04/07,"2,000"
65,[],[],평균,[],2016,04/08,"2,000"
66,[],[],평균,[],2016,04/11,"2,000"
67,[],[],평균,[],2016,04/12,"2,000"
68,[],[],평균,[],2016,04/14,"2,000"
69,[],[],평균,[],2016,04/15,"1,800"
70,[],[],평균,[],2016,04/18,"1,800"
71,[],[],평균,[],2016,04/19,"1,800"
72,[],[],평균,[],2016,04/20,"1,800"
73,[],[],평균,[],2016,05/02,"2,000"
74,[],[],평균,[],2016,05/03,"2,000"
75,[],[],평균,[],2016,05/04,"1,800"
76,[],[],평균,[],2016,05/09,"1,800"
77,[],[],평균,[],2016,05/10,"1,800"
78,[],[],평균,[],2016,05/11,"1,500"
79,[],[],평균,[],2016,05/12,"1,500"
80,[],[],평균,[],2016,05/13,"1,500"
81,[],[],평균,[],2016,05/16,"1,500"
82,[],[],평균,[],2016,05/17,"1,500"
83,[],[],평균,[],2016,05/18,"1,500"
84,[],[],평균,[],2016,05/19,"1,500"
85,[],[],평균,[],2016,05/20,"1,500"
86,[],[],평균,[],2016,05/23,"1,500"
87,[],[],평균,[],2016,05/24,"1,500"
88,[],[],평균,[],2016,05/25,"1,500"
89,[],[],평균,[],2016,05/26,"1,500"
90,[],[],평균,[],2016,05/27,"1,300"
91,[],[],평균,[],2016,05/30,"1,300"
92,[],[],평균,[],2016,05/31,"1,300"
93,[],[],평균,[],2016,06/01,"1,300"
94,[],[],평균,[],2016,06/02,"1,300"
95,[],[],평균,[],2016,06/03,"1,300"
96,[],[],평균,[],2016,06/07,"1,300"
97,[],[],평균,[],2016,06/08,"1,300"
98,[],[],평균,[],2016,06/09,"1,300"
99,[],[],평균,[],2016,06/10,"1,300"
100,[],[],평균,[],2016,06/13,"1,300"
101,[],[],평균,[],2016,06/14,"1,300"
102,[],[],평균,[],2016,06/15,"1,300"
103,[],[],평균,[],2016,06/16,"1,300"
104,[],[],평균,[],2016,06/17,"1,300"
105,[],[],평균,[],2016,06/20,"1,300"
106,[],[],평균,[],2016,06/21,"1,300"
107,[],[],평균,[],2016,06/22,"1,300"
108,[],[],평균,[],2016,06/23,"1,000"
109,[],[],평균,[],2016,06/24,"1,000"
110,[],[],평균,[],2016,06/27,"1,000"
111,[],[],평균,[],2016,06/28,"1,000"
112,[],[],평균,[],2016,06/29,"1,000"
113,[],[],평균,[],2016,06/30,"1,000"
114,[],[],평균,[],2016,07/01,"1,000"
115,[],[],평균,[],2016,07/04,"1,000"
116,[],[],평균,[],2016,07/05,"1,000"
117,[],[],평균,[],2016,07/06,"1,000"
118,[],[],평균,[],2016,07/07,"1,000"
119,[],[],평균,[],2016,07/08,"1,000"
120,[],[],평균,[],2016,07/11,"1,000"
121,[],[],평균,[],2016,07/12,"1,000"
122,[],[],평균,[],2016,07/13,"1,000"
123,[],[],평균,[],2016,07/14,"1,000"
124,[],[],평균,[],2016,07/15,"1,000"
125,[],[],평균,[],2016,07/18,"1,000"
126,[],[],평균,[],2016,07/19,"1,000"
127,[],[],평균,[],2016,07/20,"1,000"
128,[],[],평균,[],2016,07/21,"1,000"
129,[],[],평균,[],2016,07/22,"1,000"
130,[],[],평균,[],2016,07/25,"1,000"
131,[],[],평균,[],2016,07/26,"1,000"
132,[],[],평균,[],2016,07/27,"1,000"
133,[],[],평균,[],2016,07/28,"1,000"
134,[],[],평균,[],2016,07/29,"1,000"
135,[],[],평균,[],2016,08/01,"1,000"
136,[],[],평균,[],2016,08/02,"1,000"
137,[],[],평균,[],2016,08/03,"1,000"
138,[],[],평균,[],2016,08/04,"1,000"
139,[],[],평균,[],2016,08/05,"1,000"
140,[],[],평균,[],2016,08/08,"1,000"
141,[],[],평균,[],2016,08/09,"1,000"
142,[],[],평균,[],2016,08/10,"1,000"
143,[],[],평균,[],2016,08/11,"1,000"
144,[],[],평균,[],2016,08/12,"1,000"
145,[],[],평균,[],2016,08/16,"1,000"
146,[],[],평균,[],2016,08/17,"1,000"
147,[],[],평균,[],2016,08/18,"1,000"
148,[],[],평균,[],2016,08/19,"1,000"
149,[],[],평균,[],2016,08/22,"1,000"
150,[],[],평균,[],2016,08/23,"1,000"
151,[],[],평균,[],2016,08/24,"1,000"
152,[],[],평균,[],2016,08/25,"1,000"
153,[],[],평균,[],2016,08/26,"1,000"
154,[],[],평균,[],2016,08/29,"1,000"
155,[],[],평균,[],2016,08/30,"1,000"
156,[],[],평균,[],2016,08/31,"1,000"
157,[],[],평균,[],2016,09/01,"1,000"
158,[],[],평균,[],2016,09/02,"1,000"
159,[],[],평균,[],2016,09/05,"1,000"
160,[],[],평균,[],2016,09/06,"1,000"
161,[],[],평균,[],2016,09/07,"1,000"
162,[],[],평균,[],2016,09/08,"1,000"
163,[],[],평균,[],2016,09/09,"1,000"
164,[],[],평균,[],2016,09/12,"1,000"
165,[],[],평균,[],2016,09/13,"1,000"
166,[],[],평균,[],2016,09/19,"1,000"
167,[],[],평균,[],2016,09/20,"1,000"
168,[],[],평균,[],2016,09/21,"1,000"
169,[],[],평균,[],2016,09/22,"1,000"
170,[],[],평균,[],2016,09/23,"1,000"
171,[],[],평균,[],2016,09/26,"1,200"
172,[],[],평균,[],2016,09/27,"1,200"
173,[],[],평균,[],2016,09/28,"1,200"
174,[],[],평균,[],2016,09/29,"1,200"
175,[],[],평균,[],2016,09/30,"1,200"
176,[],[],평균,[],2016,10/04,"1,200"
177,[],[],평균,[],2016,10/05,"1,200"
178,[],[],평균,[],2016,10/06,"1,200"
179,[],[],평균,[],2016,10/07,"1,200"
180,[],[],평균,[],2016,10/10,"1,200"
181,[],[],평균,[],2016,10/11,"1,200"
182,[],[],평균,[],2016,10/12,"1,200"
183,[],[],평균,[],2016,10/13,"1,200"
184,[],[],평균,[],2016,10/14,"1,200"
185,[],[],평균,[],2016,10/17,"1,200"
186,[],[],평균,[],2016,10/18,"1,200"
187,[],[],평균,[],2016,10/19,"1,200"
188,[],[],평균,[],2016,10/20,"1,200"
189,[],[],평균,[],2016,10/21,"1,200"
190,[],[],평균,[],2016,10/24,"1,200"
191,[],[],평균,[],2016,10/25,"1,200"
192,[],[],평균,[],2016,10/26,"1,200"
193,[],[],평균,[],2016,10/27,"1,200"
194,[],[],평균,[],2016,10/28,"1,200"
195,[],[],평균,[],2016,10/31,"1,200"
196,[],[],평균,[],2016,11/01,"1,200"
197,[],[],평균,[],2016,11/02,"1,200"
198,[],[],평균,[],2016,11/03,"1,200"
199,[],[],평균,[],2016,11/04,"1,200"
200,[],[],평균,[],2016,11/07,"1,200"
201,[],[],평균,[],2016,11/08,"1,200"
202,[],[],평균,[],2016,11/09,"1,200"
203,[],[],평균,[],2016,11/10,"1,200"
204,[],[],평균,[],2016,11/11,"1,200"
205,[],[],평균,[],2016,11/14,"1,200"
206,[],[],평균,[],2016,11/15,"1,200"
207,[],[],평균,[],2016,11/16,"1,200"
208,[],[],평균,[],2016,11/17,"1,200"
209,[],[],평균,[],2016,11/18,"1,200"
210,[],[],평균,[],2016,11/21,"1,200"
211,[],[],평균,[],2016,11/22,"1,200"
212,[],[],평균,[],2016,11/23,"1,200"
213,[],[],평균,[],2016,11/24,"1,200"
214,[],[],평균,[],2016,11/25,"1,200"
215,[],[],평균,[],2016,11/28,"1,200"
216,[],[],평균,[],2016,11/29,"1,200"
217,[],[],평균,[],2016,11/30,"1,200"
218,[],[],평균,[],2016,12/01,"1,200"
219,[],[],평균,[],2016,12/05,"1,200"
220,[],[],평균,[],2016,12/06,"1,200"
221,[],[],평균,[],2016,12/07,"1,200"
222,[],[],평균,[],2016,12/08,"1,200"
223,[],[],평균,[],2016,12/09,"1,200"
224,[],[],평균,[],2016,12/12,"1,200"
225,[],[],평균,[],2016,12/13,"1,200"
226,[],[],평균,[],2016,12/14,"1,200"
227,[],[],평균,[],2016,12/15,"1,200"
228,[],[],평균,[],2016,12/16,"1,200"
229,[],[],평균,[],2016,12/19,"1,200"
230,[],[],평균,[],2016,12/20,"1,200"
231,[],[],평균,[],2016,12/21,"1,200"
232,[],[],평균,[],2016,12/22,"1,200"
233,[],[],평균,[],2016,12/23,"1,200"
234,[],[],평균,[],2016,12/26,"1,200"
235,[],[],평균,[],2016,12/27,"1,200"
236,[],[],평균,[],2016,12/28,"1,200"
237,[],[],평균,[],2016,12/29,"1,200"
238,[],[],평균,[],2016,12/30,"1,200"
239,[],[],평균,[],2017,01/02,"1,200"
240,[],[],평균,[],2017,01/03,"1,200"
241,[],[],평균,[],2017,01/04,"1,200"
242,[],[],평균,[],2017,01/05,"1,200"
243,[],[],평균,[],2017,01/06,"1,200"
244,[],[],평균,[],2017,01/09,"1,200"
245,[],[],평균,[],2017,01/10,"1,400"
246,[],[],평균,[],2017,01/11,"1,400"
247,[],[],평균,[],2017,01/12,"1,400"
248,[],[],평균,[],2017,01/13,"1,400"
249,[],[],평균,[],2017,01/16,"1,400"
250,[],[],평균,[],2017,01/17,"1,600"
251,[],[],평균,[],2017,01/18,"1,600"
252,[],[],평균,[],2017,01/19,"1,600"
253,[],[],평균,[],2017,01/20,"1,600"
254,[],[],평균,[],2017,01/23,"1,600"
255,[],[],평균,[],2017,01/24,"1,600"
256,[],[],평균,[],2017,01/25,"1,600"
257,[],[],평균,[],2017,01/26,"1,600"
258,[],[],평균,[],2017,01/31,"1,600"
259,[],[],평균,[],2017,02/01,"1,600"
260,[],[],평균,[],2017,02/02,"1,600"
261,[],[],평균,[],2017,02/03,"1,600"
262,[],[],평균,[],2017,02/06,"1,600"
263,[],[],평균,[],2017,02/07,"1,600"
264,[],[],평균,[],2017,02/08,"1,800"
265,[],[],평균,[],2017,02/09,"1,800"
266,[],[],평균,[],2017,02/10,"1,800"
267,[],[],평균,[],2017,02/13,"1,800"
268,[],[],평균,[],2017,02/14,"1,800"
269,[],[],평균,[],2017,02/15,"1,900"
270,[],[],평균,[],2017,02/16,"1,900"
271,[],[],평균,[],2017,02/17,"1,900"
272,[],[],평균,[],2017,02/20,"1,900"
273,[],[],평균,[],2017,02/21,"1,900"
274,[],[],평균,[],2017,02/22,"1,900"
275,[],[],평균,[],2017,02/23,"1,900"
276,[],[],평균,[],2017,02/24,"1,900"
277,[],[],평균,[],2017,02/27,"1,900"
278,[],[],평균,[],2017,02/28,"1,900"
279,[],[],평균,[],2017,03/02,"1,900"
280,[],[],평균,[],2017,03/03,"1,900"
281,[],[],평균,[],2017,03/06,"1,900"
282,[],[],평균,[],2017,03/07,"1,900"
283,[],[],평균,[],2017,03/08,"1,900"
284,[],[],평균,[],2017,03/09,"1,900"
285,[],[],평균,[],2017,03/10,"1,900"
286,[],[],평균,[],2017,03/13,"1,900"
287,[],[],평균,[],2017,03/14,"1,900"
288,[],[],평균,[],2017,03/15,"1,900"
289,[],[],평균,[],2017,03/16,"1,900"
290,[],[],평균,[],2017,03/17,"1,900"
291,[],[],평균,[],2017,03/20,"1,900"
292,[],[],평균,[],2017,03/21,"1,900"
293,[],[],평균,[],2017,03/22,"1,900"
294,[],[],평균,[],2017,03/23,"1,900"
295,[],[],평균,[],2017,03/24,"1,900"
296,[],[],평균,[],2017,03/27,"1,900"
297,[],[],평균,[],2017,03/28,"1,900"
298,[],[],평균,[],2017,03/29,"2,100"
299,[],[],평균,[],2017,03/30,"2,100"
300,[],[],평균,[],2017,03/31,"2,100"
301,[],[],평균,[],2017,04/03,"2,200"
302,[],[],평균,[],2017,04/04,"2,200"
303,[],[],평균,[],2017,04/05,"2,200"
304,[],[],평균,[],2017,04/06,"2,200"
305,[],[],평균,[],2017,04/07,"2,200"
306,[],[],평균,[],2017,04/10,"2,200"
307,[],[],평균,[],2017,04/11,"2,200"
308,[],[],평균,[],2017,04/12,"2,200"
309,[],[],평균,[],2017,04/13,"2,200"
310,[],[],평균,[],2017,04/14,"2,200"
311,[],[],평균,[],2017,04/17,"2,200"
312,[],[],평균,[],2017,04/18,"2,200"
313,[],[],평균,[],2017,04/19,"2,200"
314,[],[],평균,[],2017,04/20,"2,200"
315,[],[],평균,[],2017,04/21,"2,000"
316,[],[],평균,[],2017,04/24,"2,000"
317,[],[],평균,[],2017,04/25,"1,800"
318,[],[],평균,[],2017,04/26,"1,800"
319,[],[],평균,[],2017,04/27,"1,800"
320,[],[],평균,[],2017,04/28,"1,600"
321,[],[],평균,[],2017,05/02,"1,600"
322,[],[],평균,[],2017,05/04,"1,600"
323,[],[],평균,[],2017,05/08,"1,600"
324,[],[],평균,[],2017,05/10,"1,600"
325,[],[],평균,[],2017,05/11,"1,500"
326,[],[],평균,[],2017,05/12,"1,500"
327,[],[],평균,[],2017,05/15,"1,500"
328,[],[],평균,[],2017,05/16,"1,500"
329,[],[],평균,[],2017,05/17,"1,500"
330,[],[],평균,[],2017,05/18,"1,500"
331,[],[],평균,[],2017,05/19,"1,500"
332,[],[],평균,[],2017,05/22,"1,500"
333,[],[],평균,[],2017,05/23,"1,500"
334,[],[],평균,[],2017,05/24,"1,500"
335,[],[],평균,[],2017,05/25,"1,500"
336,[],[],평균,[],2017,05/26,"1,500"
337,[],[],평균,[],2017,05/29,"1,500"
338,[],[],평균,[],2017,05/30,"1,500"
339,[],[],평균,[],2017,05/31,"1,500"
340,[],[],평균,[],2017,06/01,"1,500"
341,[],[],평균,[],2017,06/02,"1,500"
342,[],[],평균,[],2017,06/05,"1,500"
343,[],[],평균,[],2017,06/07,"1,500"
344,[],[],평균,[],2017,06/08,"1,500"
345,[],[],평균,[],2017,06/09,"1,500"
346,[],[],평균,[],2017,06/12,"1,500"
347,[],[],평균,[],2017,06/13,"1,500"
348,[],[],평균,[],2017,06/14,"1,500"
349,[],[],평균,[],2017,06/15,"1,500"
350,[],[],평균,[],2017,06/16,"1,500"
351,[],[],평균,[],2017,06/19,"1,500"
352,[],[],평균,[],2017,06/20,"1,500"
353,[],[],평균,[],2017,06/21,"1,500"
354,[],[],평균,[],2017,06/22,"1,500"
355,[],[],평균,[],2017,06/23,"1,500"
356,[],[],평균,[],2017,06/26,"1,500"
357,[],[],평균,[],2017,06/27,"1,500"
358,[],[],평균,[],2017,06/28,"1,500"
359,[],[],평균,[],2017,06/29,"1,500"
360,[],[],평균,[],2017,06/30,"1,500"
361,[],[],평균,[],2017,07/03,"1,500"
362,[],[],평균,[],2017,07/04,"1,500"
363,[],[],평균,[],2017,07/05,"1,500"
364,[],[],평균,[],2017,07/06,"1,500"
365,[],[],평균,[],2017,07/07,"1,500"
366,[],[],평균,[],2017,07/10,"1,500"
367,[],[],평균,[],2017,07/11,"1,500"
368,[],[],평균,[],2017,07/12,"1,500"
369,[],[],평균,[],2017,07/13,"1,500"
370,[],[],평균,[],2017,07/14,"1,500"
371,[],[],평균,[],2017,07/17,"1,500"
372,[],[],평균,[],2017,07/18,"1,500"
373,[],[],평균,[],2017,07/19,"1,500"
374,[],[],평균,[],2017,07/20,"1,500"
375,[],[],평균,[],2017,07/21,"1,500"
376,[],[],평균,[],2017,07/24,"1,500"
377,[],[],평균,[],2017,07/25,"1,500"
378,[],[],평균,[],2017,07/26,"1,500"
379,[],[],평균,[],2017,07/27,"1,500"
380,[],[],평균,[],2017,07/28,"1,500"
381,[],[],평균,[],2017,07/31,"1,500"
382,[],[],평균,[],2017,08/01,"1,500"
383,[],[],평균,[],2017,08/02,"1,500"
384,[],[],평균,[],2017,08/03,"1,500"
385,[],[],평균,[],2017,08/04,"1,500"
386,[],[],평균,[],2017,08/07,"1,500"
387,[],[],평균,[],2017,08/08,"1,500"
388,[],[],평균,[],2017,08/09,"1,500"
389,[],[],평균,[],2017,08/10,"1,500"
390,[],[],평균,[],2017,08/11,"1,500"
391,[],[],평균,[],2017,08/14,"1,500"
392,[],[],평균,[],2017,08/16,"1,500"
393,[],[],평균,[],2017,08/17,"1,500"
394,[],[],평균,[],2017,08/18,"1,500"
395,[],[],평균,[],2017,08/21,"1,500"
396,[],[],평균,[],2017,08/22,"1,500"
397,[],[],평균,[],2017,08/23,"1,500"
398,[],[],평균,[],2017,08/24,"1,500"
399,[],[],평균,[],2017,08/25,"1,500"
400,[],[],평균,[],2017,08/28,"1,500"
401,[],[],평균,[],2017,08/29,"1,500"
402,[],[],평균,[],2017,08/30,"1,500"
403,[],[],평균,[],2017,08/31,"1,500"
404,[],[],평균,[],2017,09/01,"1,500"
405,[],[],평균,[],2017,09/04,"1,500"
406,[],[],평균,[],2017,09/05,"1,500"
407,[],[],평균,[],2017,09/06,"1,500"
408,[],[],평균,[],2017,09/07,"1,500"
409,[],[],평균,[],2017,09/08,"1,500"
410,[],[],평균,[],2017,09/11,"1,500"
411,[],[],평균,[],2017,09/12,"1,500"
412,[],[],평균,[],2017,09/13,"1,500"
413,[],[],평균,[],2017,09/14,"1,500"
414,[],[],평균,[],2017,09/15,"1,500"
415,[],[],평균,[],2017,09/18,"1,500"
416,[],[],평균,[],2017,09/19,"1,500"
417,[],[],평균,[],2017,09/20,"1,500"
418,[],[],평균,[],2017,09/21,"1,500"
419,[],[],평균,[],2017,09/22,"1,500"
420,[],[],평균,[],2017,09/25,"1,500"
421,[],[],평균,[],2017,09/26,"1,500"
422,[],[],평균,[],2017,09/27,"1,500"
423,[],[],평균,[],2017,09/28,"1,500"
424,[],[],평균,[],2017,09/29,"1,500"
425,[],[],평균,[],2017,10/10,"1,500"
426,[],[],평균,[],2017,10/11,"1,500"
427,[],[],평균,[],2017,10/12,"1,500"
428,[],[],평균,[],2017,10/13,"1,500"
429,[],[],평균,[],2017,10/16,"1,500"
430,[],[],평균,[],2017,10/17,"1,500"
431,[],[],평균,[],2017,10/18,"1,500"
432,[],[],평균,[],2017,10/19,"1,500"
433,[],[],평균,[],2017,10/20,"1,500"
434,[],[],평균,[],2017,10/23,"1,500"
435,[],[],평균,[],2017,10/24,"1,500"
436,[],[],평균,[],2017,10/25,"1,500"
437,[],[],평균,[],2017,10/26,"1,500"
438,[],[],평균,[],2017,10/27,"1,500"
439,[],[],평균,[],2017,10/30,"1,500"
440,[],[],평균,[],2017,10/31,"1,500"
441,[],[],평균,[],2017,11/01,"1,500"
442,[],[],평균,[],2017,11/02,"1,500"
443,[],[],평균,[],2017,11/03,"1,500"
444,[],[],평균,[],2017,11/06,"1,500"
445,[],[],평균,[],2017,11/07,"1,500"
446,[],[],평균,[],2017,11/08,"1,500"
447,[],[],평균,[],2017,11/09,"1,500"
448,[],[],평균,[],2017,11/10,"1,500"
449,[],[],평균,[],2017,11/13,"1,500"
450,[],[],평균,[],2017,11/14,"1,500"
451,[],[],평균,[],2017,11/15,"1,500"
452,[],[],평균,[],2017,11/16,"1,500"
453,[],[],평균,[],2017,11/17,"1,500"
454,[],[],평균,[],2017,11/20,"1,500"
455,[],[],평균,[],2017,11/21,"1,500"
456,[],[],평균,[],2017,11/22,"1,500"
457,[],[],평균,[],2017,11/23,"1,500"
458,[],[],평균,[],2017,11/24,"1,500"
459,[],[],평균,[],2017,11/27,"1,500"
460,[],[],평균,[],2017,11/28,"1,500"
461,[],[],평균,[],2017,11/29,"1,500"
462,[],[],평균,[],2017,11/30,"1,500"
463,[],[],평균,[],2017,12/04,"1,500"
464,[],[],평균,[],2017,12/05,"1,500"
465,[],[],평균,[],2017,12/06,"1,500"
466,[],[],평균,[],2017,12/07,"1,500"
467,[],[],평균,[],2017,12/08,"1,500"
468,[],[],평균,[],2017,12/11,"1,500"
469,[],[],평균,[],2017,12/12,"1,500"
470,[],[],평균,[],2017,12/13,"1,500"
471,[],[],평균,[],2017,12/14,"1,500"
472,[],[],평균,[],2017,12/15,"1,500"
473,[],[],평균,[],2017,12/18,"1,500"
474,[],[],평균,[],2017,12/19,"1,500"
475,[],[],평균,[],2017,12/20,"1,500"
476,[],[],평균,[],2017,12/21,"1,500"
477,[],[],평균,[],2017,12/22,"1,500"
478,[],[],평균,[],2017,12/26,"1,500"
479,[],[],평균,[],2017,12/27,"1,500"
480,[],[],평균,[],2017,12/28,"1,500"
481,[],[],평균,[],2017,12/29,"1,500"
482,[],[],평균,[],2018,01/02,"1,500"
483,[],[],평균,[],2018,01/03,"1,500"
484,[],[],평균,[],2018,01/04,"1,500"
485,[],[],평균,[],2018,01/05,"1,500"
486,[],[],평균,[],2018,01/08,"1,500"
487,[],[],평균,[],2018,01/09,"1,500"
488,[],[],평균,[],2018,01/10,"1,500"
489,[],[],평균,[],2018,01/11,"1,500"
490,[],[],평균,[],2018,01/12,"1,500"
491,[],[],평균,[],2018,01/15,"1,500"
492,[],[],평균,[],2018,01/16,"1,500"
493,[],[],평균,[],2018,01/17,"1,500"
494,[],[],평균,[],2018,01/18,"1,500"
495,[],[],평균,[],2018,01/19,"1,500"
496,[],[],평균,[],2018,01/22,"1,500"
497,[],[],평균,[],2018,01/23,"1,500"
498,[],[],평균,[],2018,01/24,"1,500"
499,[],[],평균,[],2018,01/25,"1,500"
500,[],[],평균,[],2018,01/26,"1,500"
501,[],[],평균,[],2018,01/29,"1,500"
502,[],[],평균,[],2018,01/30,"1,500"
503,[],[],평균,[],2018,01/31,"1,700"
504,[],[],평균,[],2018,02/01,"1,700"
505,[],[],평균,[],2018,02/02,"1,700"
506,[],[],평균,[],2018,02/05,"1,700"
507,[],[],평균,[],2018,02/06,"1,700"
508,[],[],평균,[],2018,02/07,"1,700"
509,[],[],평균,[],2018,02/08,"1,700"
510,[],[],평균,[],2018,02/09,"1,700"
511,[],[],평균,[],2018,02/12,"1,700"
512,[],[],평균,[],2018,02/13,"1,700"
513,[],[],평균,[],2018,02/14,"1,700"
514,[],[],평균,[],2018,02/19,"1,700"
515,[],[],평균,[],2018,02/20,"1,700"
516,[],[],평균,[],2018,02/21,"1,700"
517,[],[],평균,[],2018,02/22,"1,700"
518,[],[],평균,[],2018,02/23,"1,700"
519,[],[],평균,[],2018,02/26,"1,700"
520,[],[],평균,[],2018,02/27,"1,700"
521,[],[],평균,[],2018,02/28,"1,700"
522,[],[],평균,[],2018,03/02,"1,700"
523,[],[],평균,[],2018,03/05,"1,700"
524,[],[],평균,[],2018,03/06,"1,700"
525,[],[],평균,[],2018,03/07,"1,700"
526,[],[],평균,[],2018,03/08,"1,700"
527,[],[],평균,[],2018,03/09,"1,700"
528,[],[],평균,[],2018,03/12,"1,700"
529,[],[],평균,[],2018,03/13,"1,700"
530,[],[],평균,[],2018,03/14,"1,700"
531,[],[],평균,[],2018,03/15,"1,700"
532,[],[],평균,[],2018,03/16,"1,700"
533,[],[],평균,[],2018,03/19,"1,700"
534,[],[],평균,[],2018,03/20,"1,500"
535,[],[],평균,[],2018,03/21,"1,500"
536,[],[],평균,[],2018,03/22,"1,500"
537,[],[],평균,[],2018,03/23,"1,500"
538,[],[],평균,[],2018,03/26,"1,500"
539,[],[],평균,[],2018,03/27,"1,500"
540,[],[],평균,[],2018,03/28,"1,500"
541,[],[],평균,[],2018,03/29,"1,500"
542,[],[],평균,[],2018,03/30,"1,500"
543,[],[],평균,[],2018,04/02,"1,500"
544,[],[],평균,[],2018,04/03,"1,500"
545,[],[],평균,[],2018,04/04,"1,500"
546,[],[],평균,[],2018,04/05,"1,500"
547,[],[],평균,[],2018,04/06,"1,500"
548,[],[],평균,[],2018,04/09,"1,500"
549,[],[],평균,[],2018,04/10,"1,500"
550,[],[],평균,[],2018,04/11,"1,300"
551,[],[],평균,[],2018,04/12,"1,300"
552,[],[],평균,[],2018,04/13,"1,300"
553,[],[],평균,[],2018,04/16,"1,300"
554,[],[],평균,[],2018,04/17,"1,300"
555,[],[],평균,[],2018,04/18,"1,300"
556,[],[],평균,[],2018,04/19,"1,300"
557,[],[],평균,[],2018,04/20,"1,700"
558,[],[],평균,[],2018,04/23,"1,700"
559,[],[],평균,[],2018,04/24,"1,700"
560,[],[],평균,[],2018,04/25,"1,700"
561,[],[],평균,[],2018,04/26,"1,700"
562,[],[],평균,[],2018,04/27,"1,700"
563,[],[],평균,[],2018,04/30,"1,700"
564,[],[],평균,[],2018,05/02,"1,700"
565,[],[],평균,[],2018,05/03,"1,700"
566,[],[],평균,[],2018,05/04,"1,700"
567,[],[],평균,[],2018,05/08,"1,700"
568,[],[],평균,[],2018,05/09,"1,700"
569,[],[],평균,[],2018,05/10,"1,700"
570,[],[],평균,[],2018,05/11,"1,700"
571,[],[],평균,[],2018,05/14,"1,700"
572,[],[],평균,[],2018,05/15,"1,700"
573,[],[],평균,[],2018,05/16,"1,700"
574,[],[],평균,[],2018,05/17,"1,700"
575,[],[],평균,[],2018,05/18,"1,700"
576,[],[],평균,[],2018,05/21,"1,700"
577,[],[],평균,[],2018,05/23,"1,700"
578,[],[],평균,[],2018,05/24,"1,700"
579,[],[],평균,[],2018,05/25,"1,700"
580,[],[],평균,[],2018,05/28,"1,700"
581,[],[],평균,[],2018,05/29,"1,700"
582,[],[],평균,[],2018,05/30,"1,700"
583,[],[],평균,[],2018,05/31,"1,700"
584,[],[],평균,[],2018,06/01,"1,700"
585,[],[],평균,[],2018,06/04,"1,700"
586,[],[],평균,[],2018,06/05,"1,700"
587,[],[],평균,[],2018,06/07,"1,700"
588,[],[],평균,[],2018,06/08,"1,700"
589,[],[],평균,[],2018,06/11,"1,700"
590,[],[],평균,[],2018,06/12,"1,700"
591,[],[],평균,[],2018,06/14,"1,700"
592,[],[],평균,[],2018,06/15,"1,700"
593,[],[],평균,[],2018,06/18,"1,700"
594,[],[],평균,[],2018,06/19,"1,700"
595,[],[],평균,[],2018,06/20,"1,700"
596,[],[],평균,[],2018,06/21,"1,700"
597,[],[],평균,[],2018,06/22,"1,700"
598,[],[],평균,[],2018,06/25,"1,700"
599,[],[],평균,[],2018,06/26,"1,700"
600,[],[],평균,[],2018,06/27,"1,700"
601,[],[],평균,[],2018,06/28,"1,700"
602,[],[],평균,[],2018,06/29,"1,700"
603,[],[],평균,[],2018,07/02,"1,700"
604,[],[],평균,[],2018,07/03,"1,700"
605,[],[],평균,[],2018,07/04,"1,500"
606,[],[],평균,[],2018,07/05,"1,500"
607,[],[],평균,[],2018,07/06,"1,500"
608,[],[],평균,[],2018,07/09,"1,500"
609,[],[],평균,[],2018,07/10,"1,500"
610,[],[],평균,[],2018,07/11,"1,500"
611,[],[],평균,[],2018,07/12,"1,300"
612,[],[],평균,[],2018,07/13,"1,300"
613,[],[],평균,[],2018,07/16,"1,300"
614,[],[],평균,[],2018,07/17,"1,300"
615,[],[],평균,[],2018,07/18,"1,200"
616,[],[],평균,[],2018,07/19,"1,200"
617,[],[],평균,[],2018,07/20,"1,200"
618,[],[],평균,[],2018,07/23,"1,200"
619,[],[],평균,[],2018,07/24,"1,200"
620,[],[],평균,[],2018,07/25,"1,200"
621,[],[],평균,[],2018,07/26,"1,200"
622,[],[],평균,[],2018,07/27,"1,200"
623,[],[],평균,[],2018,07/30,"1,200"
624,[],[],평균,[],2018,07/31,"1,200"
625,[],[],평균,[],2018,08/01,"1,200"
626,[],[],평균,[],2018,08/02,"1,200"
627,[],[],평균,[],2018,08/03,"1,200"
628,[],[],평균,[],2018,08/06,"1,200"
629,[],[],평균,[],2018,08/07,"1,200"
630,[],[],평균,[],2018,08/08,"1,200"
631,[],[],평균,[],2018,08/09,"1,200"
632,[],[],평균,[],2018,08/10,"1,200"
633,[],[],평균,[],2018,08/13,"1,200"
634,[],[],평균,[],2018,08/14,"1,200"
635,[],[],평균,[],2018,08/16,"1,200"
636,[],[],평균,[],2018,08/17,"1,200"
637,[],[],평균,[],2018,08/20,"1,200"
638,[],[],평균,[],2018,08/21,"1,200"
639,[],[],평균,[],2018,08/22,"1,200"
640,[],[],평균,[],2018,08/23,"1,200"
641,[],[],평균,[],2018,08/24,"1,200"
642,[],[],평균,[],2018,08/27,"1,200"
643,[],[],평균,[],2018,08/28,"1,200"
644,[],[],평균,[],2018,08/29,"1,200"
645,[],[],평균,[],2018,08/30,"1,200"
646,[],[],평균,[],2018,08/31,"1,200"
647,[],[],평균,[],2018,09/03,"1,200"
648,[],[],평균,[],2018,09/04,"1,200"
649,[],[],평균,[],2018,09/05,"1,300"
650,[],[],평균,[],2018,09/06,"1,300"
651,[],[],평균,[],2018,09/07,"1,300"
652,[],[],평균,[],2018,09/10,"1,300"
653,[],[],평균,[],2018,09/11,"1,300"
654,[],[],평균,[],2018,09/12,"1,300"
655,[],[],평균,[],2018,09/13,"1,300"
656,[],[],평균,[],2018,09/14,"1,300"
657,[],[],평균,[],2018,09/17,"1,300"
658,[],[],평균,[],2018,09/18,"1,300"
659,[],[],평균,[],2018,09/19,"1,300"
660,[],[],평균,[],2018,09/20,"1,300"
661,[],[],평균,[],2018,09/21,"1,300"
662,[],[],평균,[],2018,09/27,"1,300"
663,[],[],평균,[],2018,09/28,"1,300"
664,[],[],평균,[],2018,10/01,"1,500"
665,[],[],평균,[],2018,10/02,"1,500"
666,[],[],평균,[],2018,10/04,"1,300"
667,[],[],평균,[],2018,10/05,"1,300"
668,[],[],평균,[],2018,10/08,"1,300"
669,[],[],평균,[],2018,10/10,"1,300"
670,[],[],평균,[],2018,10/11,"1,300"
671,[],[],평균,[],2018,10/12,"1,300"
672,[],[],평균,[],2018,10/15,"1,300"
673,[],[],평균,[],2018,10/16,"1,300"
674,[],[],평균,[],2018,10/17,"1,300"
675,[],[],평균,[],2018,10/18,"1,300"
676,[],[],평균,[],2018,10/19,"1,300"
677,[],[],평균,[],2018,10/22,"1,300"
678,[],[],평균,[],2018,10/23,"1,300"
679,[],[],평균,[],2018,10/24,"1,300"
680,[],[],평균,[],2018,10/25,"1,300"
681,[],[],평균,[],2018,10/26,"1,200"
682,[],[],평균,[],2018,10/29,"1,200"
683,[],[],평균,[],2018,10/30,"1,200"
684,[],[],평균,[],2018,10/31,"1,200"
685,[],[],평균,[],2018,11/01,"1,200"
686,[],[],평균,[],2018,11/02,"1,200"
687,[],[],평균,[],2018,11/05,"1,200"
688,[],[],평균,[],2018,11/06,"1,200"
689,[],[],평균,[],2018,11/07,"1,200"
690,[],[],평균,[],2018,11/08,"1,200"
691,[],[],평균,[],2018,11/09,"1,200"
692,[],[],평균,[],2018,11/12,"1,200"
693,[],[],평균,[],2018,11/13,"1,200"
694,[],[],평균,[],2018,11/14,"1,200"
695,[],[],평균,[],2018,11/15,"1,200"
696,[],[],평균,[],2018,11/16,"1,200"
697,[],[],평균,[],2018,11/19,"1,200"
698,[],[],평균,[],2018,11/20,"1,200"
699,[],[],평균,[],2018,11/21,"1,200"
700,[],[],평균,[],2018,11/22,"1,200"
701,[],[],평균,[],2018,11/23,"1,200"
702,[],[],평균,[],2018,11/26,"1,200"
703,[],[],평균,[],2018,11/27,"1,200"
704,[],[],평균,[],2018,11/28,"1,200"
705,[],[],평균,[],2018,11/29,"1,200"
706,[],[],평균,[],2018,11/30,"1,200"
707,[],[],평균,[],2018,12/03,"1,200"
708,[],[],평균,[],2018,12/04,"1,200"
709,[],[],평균,[],2018,12/05,"1,200"
710,[],[],평균,[],2018,12/06,"1,200"
711,[],[],평균,[],2018,12/10,"1,200"
712,[],[],평균,[],2018,12/11,"1,200"
713,[],[],평균,[],2018,12/12,"1,200"
714,[],[],평균,[],2018,12/13,"1,200"
715,[],[],평균,[],2018,12/14,"1,200"
716,[],[],평균,[],2018,12/17,"1,200"
717,[],[],평균,[],2018,12/18,"1,200"
718,[],[],평균,[],2018,12/19,"1,200"
719,[],[],평균,[],2018,12/20,"1,200"
720,[],[],평균,[],2018,12/21,"1,200"
721,[],[],평균,[],2018,12/24,"1,200"
722,[],[],평균,[],2018,12/26,"1,200"
723,[],[],평균,[],2018,12/27,"1,200"
724,[],[],평균,[],2018,12/28,"1,200"
725,[],[],평균,[],2018,12/31,"1,200"
726,[],[],평균,[],2019,01/02,"1,200"
727,[],[],평균,[],2019,01/03,"1,200"
728,[],[],평균,[],2019,01/04,"1,200"
729,[],[],평균,[],2019,01/07,"1,200"
730,[],[],평균,[],2019,01/08,"1,200"
731,[],[],평균,[],2019,01/09,"1,200"
732,[],[],평균,[],2019,01/10,"1,200"
733,[],[],평균,[],2019,01/11,"1,200"
734,[],[],평균,[],2019,01/14,"1,200"
735,[],[],평균,[],2019,01/15,"1,200"
736,[],[],평균,[],2019,01/16,"1,200"
737,[],[],평균,[],2019,01/17,"1,200"
738,[],[],평균,[],2019,01/18,"1,200"
739,[],[],평균,[],2019,01/21,"1,200"
740,[],[],평균,[],2019,01/22,"1,200"
741,[],[],평균,[],2019,01/23,"1,200"
742,[],[],평균,[],2019,01/24,"1,200"
743,[],[],평균,[],2019,01/25,"1,200"
744,[],[],평균,[],2019,01/28,"1,200"
745,[],[],평균,[],2019,01/29,"1,200"
746,[],[],평균,[],2019,01/30,"1,200"
747,[],[],평균,[],2019,01/31,"1,200"
748,[],[],평균,[],2019,02/01,"1,200"
749,[],[],평균,[],2019,02/07,"1,200"
750,[],[],평균,[],2019,02/08,"1,200"
751,[],[],평균,[],2019,02/11,"1,200"
752,[],[],평균,[],2019,02/12,"1,200"
753,[],[],평균,[],2019,02/13,"1,200"
754,[],[],평균,[],2019,02/14,"1,200"
755,[],[],평균,[],2019,02/15,"1,200"
756,[],[],평균,[],2019,02/18,"1,200"
757,[],[],평균,[],2019,02/19,"1,200"
758,[],[],평균,[],2019,02/20,"1,200"
759,[],[],평균,[],2019,02/21,"1,200"
760,[],[],평균,[],2019,02/22,"1,200"
761,[],[],평균,[],2019,02/25,"1,200"
762,[],[],평균,[],2019,02/26,"1,200"
763,[],[],평균,[],2019,02/27,"1,200"
764,[],[],평균,[],2019,02/28,"1,200"
765,[],[],평균,[],2019,03/04,"1,200"
766,[],[],평균,[],2019,03/05,"1,200"
767,[],[],평균,[],2019,03/06,"1,200"
768,[],[],평균,[],2019,03/07,"1,200"
769,[],[],평균,[],2019,03/08,"1,200"
770,[],[],평균,[],2019,03/11,"1,200"
771,[],[],평균,[],2019,03/12,"1,200"
772,[],[],평균,[],2019,03/13,"1,200"
773,[],[],평균,[],2019,03/14,"1,200"
774,[],[],평균,[],2019,03/15,"1,200"
775,[],[],평균,[],2019,03/18,"1,200"
776,[],[],평균,[],2019,03/19,"1,200"
777,[],[],평균,[],2019,03/20,"1,200"
778,[],[],평균,[],2019,03/21,"1,200"
779,[],[],평균,[],2019,03/22,"1,200"
780,[],[],평균,[],2019,03/25,"1,200"
781,[],[],평균,[],2019,03/26,"1,200"
782,[],[],평균,[],2019,03/27,"1,200"
783,[],[],평균,[],2019,03/28,"1,200"
784,[],[],평균,[],2019,03/29,"1,200"
785,[],[],평균,[],2019,04/01,"1,200"
786,[],[],평균,[],2019,04/02,"1,200"
787,[],[],평균,[],2019,04/03,"1,200"
788,[],[],평균,[],2019,04/04,"1,200"
789,[],[],평균,[],2019,04/05,"1,200"
790,[],[],평균,[],2019,04/08,"1,200"
791,[],[],평균,[],2019,04/09,"1,200"
792,[],[],평균,[],2019,04/10,"1,200"
793,[],[],평균,[],2019,04/11,"1,200"
794,[],[],평균,[],2019,04/12,"1,200"
795,[],[],평균,[],2019,04/15,"1,200"
796,[],[],평균,[],2019,04/16,"1,200"
797,[],[],평균,[],2019,04/17,"1,200"
798,[],[],평균,[],2019,04/18,"1,200"
799,[],[],평균,[],2019,04/19,"1,200"
800,[],[],평균,[],2019,04/22,"1,200"
801,[],[],평균,[],2019,04/23,"1,200"
802,[],[],평균,[],2019,04/24,"1,500"
803,[],[],평균,[],2019,04/25,"1,500"
804,[],[],평균,[],2019,04/26,"1,500"
805,[],[],평균,[],2019,04/29,"1,500"
806,[],[],평균,[],2019,04/30,"1,500"
807,[],[],평균,[],2019,05/02,"1,500"
808,[],[],평균,[],2019,05/03,"1,500"
809,[],[],평균,[],2019,05/07,"1,500"
810,[],[],평균,[],2019,05/08,"1,500"
811,[],[],평균,[],2019,05/09,"1,500"
812,[],[],평균,[],2019,05/10,"1,500"
813,[],[],평균,[],2019,05/13,"1,500"
814,[],[],평균,[],2019,05/14,"1,500"
815,[],[],평균,[],2019,05/15,"1,500"
816,[],[],평균,[],2019,05/16,"1,500"
817,[],[],평균,[],2019,05/17,"1,500"
818,[],[],평균,[],2019,05/20,"1,500"
819,[],[],평균,[],2019,05/21,"1,300"
820,[],[],평균,[],2019,05/22,"1,300"
821,[],[],평균,[],2019,05/23,"1,300"
822,[],[],평균,[],2019,05/24,"1,300"
823,[],[],평균,[],2019,05/27,"1,300"
824,[],[],평균,[],2019,05/28,"1,300"
825,[],[],평균,[],2019,05/29,"1,300"
826,[],[],평균,[],2019,05/30,"1,300"
827,[],[],평균,[],2019,05/31,"1,300"
828,[],[],평균,[],2019,06/03,"1,300"
829,[],[],평균,[],2019,06/04,"1,300"
830,[],[],평균,[],2019,06/05,"1,300"
831,[],[],평균,[],2019,06/07,"1,300"
832,[],[],평균,[],2019,06/10,"1,300"
833,[],[],평균,[],2019,06/11,"1,300"
834,[],[],평균,[],2019,06/12,"1,300"
835,[],[],평균,[],2019,06/13,"1,300"
836,[],[],평균,[],2019,06/14,"1,300"
837,[],[],평균,[],2019,06/17,"1,300"
838,[],[],평균,[],2019,06/18,"1,300"
839,[],[],평균,[],2019,06/19,"1,300"
840,[],[],평균,[],2019,06/20,"1,300"
841,[],[],평균,[],2019,06/21,"1,300"
842,[],[],평균,[],2019,06/24,"1,300"
843,[],[],평균,[],2019,06/25,"1,300"
844,[],[],평균,[],2019,06/26,"1,300"
845,[],[],평균,[],2019,06/27,"1,300"
846,[],[],평균,[],2019,06/28,"1,300"
847,[],[],평균,[],2019,07/01,"1,300"
848,[],[],평균,[],2019,07/02,"1,300"
849,[],[],평균,[],2019,07/03,"1,300"
850,[],[],평균,[],2019,07/04,"1,300"
851,[],[],평균,[],2019,07/05,"1,300"
852,[],[],평균,[],2019,07/08,"1,300"
853,[],[],평균,[],2019,07/09,"1,300"
854,[],[],평균,[],2019,07/10,"1,300"
855,[],[],평균,[],2019,07/11,"1,300"
856,[],[],평균,[],2019,07/12,"1,300"
857,[],[],평균,[],2019,07/15,"1,300"
858,[],[],평균,[],2019,07/16,"1,300"
859,[],[],평균,[],2019,07/17,"1,300"
860,[],[],평균,[],2019,07/18,"1,300"
861,[],[],평균,[],2019,07/19,"1,300"
862,[],[],평균,[],2019,07/22,"1,300"
863,[],[],평균,[],2019,07/23,"1,300"
864,[],[],평균,[],2019,07/24,"1,300"
865,[],[],평균,[],2019,07/25,"1,300"
866,[],[],평균,[],2019,07/26,"1,000"
867,[],[],평균,[],2019,07/29,"1,000"
868,[],[],평균,[],2019,07/30,"1,000"
869,[],[],평균,[],2019,07/31,"1,000"
870,[],[],평균,[],2019,08/01,"1,000"
871,[],[],평균,[],2019,08/02,"1,000"
872,[],[],평균,[],2019,08/05,"1,000"
873,[],[],평균,[],2019,08/06,"1,000"
874,[],[],평균,[],2019,08/07,"1,000"
875,[],[],평균,[],2019,08/08,"1,000"
876,[],[],평균,[],2019,08/09,"1,000"
877,[],[],평균,[],2019,08/12,"1,000"
878,[],[],평균,[],2019,08/13,"1,000"
879,[],[],평균,[],2019,08/14,"1,000"
880,[],[],평균,[],2019,08/16,"1,000"
881,[],[],평균,[],2019,08/19,"1,000"
882,[],[],평균,[],2019,08/20,"1,000"
883,[],[],평균,[],2019,08/21,"1,000"
884,[],[],평균,[],2019,08/22,"1,000"
885,[],[],평균,[],2019,08/23,"1,000"
886,[],[],평균,[],2019,08/26,"1,000"
887,[],[],평균,[],2019,08/27,"1,000"
888,[],[],평균,[],2019,08/28,"1,000"
889,[],[],평균,[],2019,08/29,"1,000"
890,[],[],평균,[],2019,08/30,"1,000"
891,[],[],평균,[],2019,09/02,"1,000"
892,[],[],평균,[],2019,09/03,"1,000"
893,[],[],평균,[],2019,09/04,"1,000"
894,[],[],평균,[],2019,09/05,"1,000"
895,[],[],평균,[],2019,09/06,"1,000"
896,[],[],평균,[],2019,09/09,"1,000"
897,[],[],평균,[],2019,09/10,"1,000"
898,[],[],평균,[],2019,09/11,"1,000"
899,[],[],평균,[],2019,09/16,"1,000"
900,[],[],평균,[],2019,09/17,"1,000"
901,[],[],평균,[],2019,09/18,"1,000"
902,[],[],평균,[],2019,09/19,"1,000"
903,[],[],평균,[],2019,09/20,"1,000"
904,[],[],평균,[],2019,09/23,"1,000"
905,[],[],평균,[],2019,09/24,"1,000"
906,[],[],평균,[],2019,09/25,"1,000"
907,[],[],평균,[],2019,09/26,"1,000"
908,[],[],평균,[],2019,09/27,"1,000"
909,[],[],평균,[],2019,09/30,"1,000"
910,[],[],평균,[],2019,10/01,"1,000"
911,[],[],평균,[],2019,10/02,"1,000"
912,[],[],평균,[],2019,10/04,"1,000"
913,[],[],평균,[],2019,10/07,"1,000"
914,[],[],평균,[],2019,10/08,"1,000"
915,[],[],평균,[],2019,10/10,"1,000"
916,[],[],평균,[],2019,10/11,"1,000"
917,[],[],평균,[],2019,10/14,"1,000"
918,[],[],평균,[],2019,10/15,"1,000"
919,[],[],평균,[],2019,10/16,"1,000"
920,[],[],평균,[],2019,10/17,"1,000"
921,[],[],평균,[],2019,10/18,"1,000"
922,[],[],평균,[],2019,10/21,"1,000"
923,[],[],평균,[],2019,10/22,"1,000"
924,[],[],평균,[],2019,10/23,"1,000"
925,[],[],평균,[],2019,10/24,"1,000"
926,[],[],평균,[],2019,10/25,"1,000"
927,[],[],평균,[],2019,10/28,"1,000"
928,[],[],평균,[],2019,10/29,"1,000"
929,[],[],평균,[],2019,10/30,"1,000"
930,[],[],평균,[],2019,10/31,"1,000"
931,[],[],평균,[],2019,11/01,"1,000"
932,[],[],평균,[],2019,11/04,"1,000"
933,[],[],평균,[],2019,11/05,"1,000"
934,[],[],평균,[],2019,11/06,"1,000"
935,[],[],평균,[],2019,11/07,"1,000"
936,[],[],평균,[],2019,11/08,"1,000"
937,[],[],평균,[],2019,11/11,"1,000"
938,[],[],평균,[],2019,11/12,"1,000"
939,[],[],평균,[],2019,11/13,"1,000"
940,[],[],평균,[],2019,11/14,"1,000"
941,[],[],평균,[],2019,11/15,"1,000"
942,[],[],평균,[],2019,11/18,"1,000"
943,[],[],평균,[],2019,11/19,"1,000"
944,[],[],평균,[],2019,11/20,"1,000"
945,[],[],평균,[],2019,11/21,"1,000"
946,[],[],평균,[],2019,11/22,"1,000"
947,[],[],평균,[],2019,11/25,"1,000"
948,[],[],평균,[],2019,11/26,"1,000"
949,[],[],평균,[],2019,11/27,"1,000"
950,[],[],평균,[],2019,11/28,"1,000"
951,[],[],평균,[],2019,11/29,"1,000"
952,[],[],평균,[],2019,12/02,"1,000"
953,[],[],평균,[],2019,12/03,"1,000"
954,[],[],평균,[],2019,12/04,"1,000"
955,[],[],평균,[],2019,12/05,"1,000"
956,[],[],평균,[],2019,12/09,"1,000"
957,[],[],평균,[],2019,12/10,"1,000"
958,[],[],평균,[],2019,12/11,"1,000"
959,[],[],평균,[],2019,12/12,"1,000"
960,[],[],평균,[],2019,12/13,"1,000"
961,[],[],평균,[],2019,12/16,"1,000"
962,[],[],평균,[],2019,12/17,"1,000"
963,[],[],평균,[],2019,12/18,"1,000"
964,[],[],평균,[],2019,12/19,"1,000"
965,[],[],평균,[],2019,12/20,"1,000"
966,[],[],평균,[],2019,12/23,"1,000"
967,[],[],평균,[],2019,12/24,"1,000"
968,[],[],평균,[],2019,12/26,"1,000"
969,[],[],평균,[],2019,12/27,"1,000"
970,[],[],평균,[],2019,12/30,"1,000"
971,[],[],평균,[],2019,12/31,"1,000"
972,[],[],평년,[],2016,05/02,"1,449"
973,[],[],평년,[],2016,05/03,"1,454"
974,[],[],평년,[],2016,05/04,"1,464"
975,[],[],평년,[],2016,05/07,"1,471"
976,[],[],평년,[],2016,05/08,"1,473"
977,[],[],평년,[],2016,05/09,"1,463"
978,[],[],평년,[],2016,05/10,"1,449"
979,[],[],평년,[],2016,05/11,"1,441"
980,[],[],평년,[],2016,05/12,"1,434"
981,[],[],평년,[],2016,05/13,"1,426"
982,[],[],평년,[],2016,05/14,"1,429"
983,[],[],평년,[],2016,05/15,"1,431"
984,[],[],평년,[],2016,05/16,"1,431"
985,[],[],평년,[],2016,05/17,"1,431"
986,[],[],평년,[],2016,05/18,"1,428"
987,[],[],평년,[],2016,05/19,"1,424"
988,[],[],평년,[],2016,05/20,"1,421"
989,[],[],평년,[],2016,05/21,"1,418"
990,[],[],평년,[],2016,05/22,"1,418"
991,[],[],평년,[],2016,05/23,"1,417"
992,[],[],평년,[],2016,05/24,"1,414"
993,[],[],평년,[],2016,05/25,"1,411"
994,[],[],평년,[],2016,05/26,"1,407"
995,[],[],평년,[],2016,05/27,"1,402"
996,[],[],평년,[],2016,05/28,"1,398"
997,[],[],평년,[],2016,05/29,"1,400"
998,[],[],평년,[],2016,05/30,"1,401"
999,[],[],평년,[],2016,05/31,"1,399"
1000,[],[],평년,[],2016,06/01,"1,401"
1001,[],[],평년,[],2016,06/02,"1,401"
1002,[],[],평년,[],2016,06/03,"1,389"
1003,[],[],평년,[],2016,06/04,"1,371"
1004,[],[],평년,[],2016,06/05,"1,354"
1005,[],[],평년,[],2016,06/07,"1,329"
1006,[],[],평년,[],2016,06/08,"1,311"
1007,[],[],평년,[],2016,06/09,"1,311"
1008,[],[],평년,[],2016,06/10,"1,304"
1009,[],[],평년,[],2016,06/11,"1,291"
1010,[],[],평년,[],2016,06/12,"1,284"
1011,[],[],평년,[],2016,06/13,"1,276"
1012,[],[],평년,[],2016,06/14,"1,276"
1013,[],[],평년,[],2016,06/15,"1,276"
1014,[],[],평년,[],2016,06/16,"1,276"
1015,[],[],평년,[],2016,06/17,"1,276"
1016,[],[],평년,[],2016,06/18,"1,276"
1017,[],[],평년,[],2016,06/19,"1,276"
1018,[],[],평년,[],2016,06/20,"1,280"
1019,[],[],평년,[],2016,06/21,"1,276"
1020,[],[],평년,[],2016,06/22,"1,272"
1021,[],[],평년,[],2016,06/23,"1,268"
1022,[],[],평년,[],2016,06/24,"1,269"
1023,[],[],평년,[],2016,06/25,"1,266"
1024,[],[],평년,[],2016,06/26,"1,271"
1025,[],[],평년,[],2016,06/27,"1,275"
1026,[],[],평년,[],2016,06/28,"1,275"
1027,[],[],평년,[],2016,06/29,"1,281"
1028,[],[],평년,[],2016,06/30,"1,291"
1029,[],[],평년,[],2016,07/01,"1,296"
1030,[],[],평년,[],2016,07/02,"1,296"
1031,[],[],평년,[],2016,07/03,"1,296"
1032,[],[],평년,[],2016,07/04,"1,291"
1033,[],[],평년,[],2016,07/05,"1,286"
1034,[],[],평년,[],2016,07/06,"1,281"
1035,[],[],평년,[],2016,07/07,"1,281"
1036,[],[],평년,[],2016,07/08,"1,281"
1037,[],[],평년,[],2016,07/09,"1,276"
1038,[],[],평년,[],2016,07/10,"1,266"
1039,[],[],평년,[],2016,07/11,"1,256"
1040,[],[],평년,[],2016,07/12,"1,246"
1041,[],[],평년,[],2016,07/13,"1,236"
1042,[],[],평년,[],2016,07/14,"1,231"
1043,[],[],평년,[],2016,07/15,"1,224"
1044,[],[],평년,[],2016,07/16,"1,214"
1045,[],[],평년,[],2016,07/17,"1,204"
1046,[],[],평년,[],2016,07/18,"1,183"
1047,[],[],평년,[],2016,07/19,"1,170"
1048,[],[],평년,[],2016,07/20,"1,167"
1049,[],[],평년,[],2016,07/21,"1,159"
1050,[],[],평년,[],2016,07/22,"1,145"
1051,[],[],평년,[],2016,07/23,"1,131"
1052,[],[],평년,[],2016,07/24,"1,118"
1053,[],[],평년,[],2016,07/25,"1,115"
1054,[],[],평년,[],2016,07/26,"1,113"
1055,[],[],평년,[],2016,07/27,"1,113"
1056,[],[],평년,[],2016,07/28,"1,113"
1057,[],[],평년,[],2016,07/29,"1,113"
1058,[],[],평년,[],2016,07/30,"1,113"
1059,[],[],평년,[],2016,07/31,"1,115"
1060,[],[],평년,[],2016,08/01,"1,116"
1061,[],[],평년,[],2016,08/02,"1,116"
1062,[],[],평년,[],2016,08/03,"1,116"
1063,[],[],평년,[],2016,08/04,"1,118"
1064,[],[],평년,[],2016,08/05,"1,120"
1065,[],[],평년,[],2016,08/06,"1,123"
1066,[],[],평년,[],2016,08/07,"1,125"
1067,[],[],평년,[],2016,08/08,"1,125"
1068,[],[],평년,[],2016,08/09,"1,125"
1069,[],[],평년,[],2016,08/10,"1,125"
1070,[],[],평년,[],2016,08/11,"1,125"
1071,[],[],평년,[],2016,08/12,"1,125"
1072,[],[],평년,[],2016,08/13,"1,125"
1073,[],[],평년,[],2016,08/14,"1,125"
1074,[],[],평년,[],2016,08/16,"1,125"
1075,[],[],평년,[],2016,08/17,"1,128"
1076,[],[],평년,[],2016,08/18,"1,128"
1077,[],[],평년,[],2016,08/19,"1,128"
1078,[],[],평년,[],2016,08/20,"1,130"
1079,[],[],평년,[],2016,08/21,"1,133"
1080,[],[],평년,[],2016,08/22,"1,135"
1081,[],[],평년,[],2016,08/23,"1,138"
1082,[],[],평년,[],2016,08/24,"1,138"
1083,[],[],평년,[],2016,08/25,"1,138"
1084,[],[],평년,[],2016,08/26,"1,138"
1085,[],[],평년,[],2016,08/27,"1,138"
1086,[],[],평년,[],2016,08/28,"1,138"
1087,[],[],평년,[],2016,08/29,"1,138"
1088,[],[],평년,[],2016,08/30,"1,138"
1089,[],[],평년,[],2016,08/31,"1,138"
1090,[],[],평년,[],2016,09/01,"1,138"
1091,[],[],평년,[],2016,09/02,"1,138"
1092,[],[],평년,[],2016,09/03,"1,140"
1093,[],[],평년,[],2016,09/04,"1,143"
1094,[],[],평년,[],2016,09/05,"1,145"
1095,[],[],평년,[],2016,09/06,"1,148"
1096,[],[],평년,[],2016,09/07,"1,150"
1097,[],[],평년,[],2016,09/08,"1,150"
1098,[],[],평년,[],2016,09/09,"1,150"
1099,[],[],평년,[],2016,09/10,"1,150"
1100,[],[],평년,[],2016,09/11,"1,150"
1101,[],[],평년,[],2016,09/12,"1,150"
1102,[],[],평년,[],2016,09/13,"1,150"
1103,[],[],평년,[],2016,09/14,"1,150"
1104,[],[],평년,[],2016,09/15,"1,150"
1105,[],[],평년,[],2016,09/16,"1,150"
1106,[],[],평년,[],2016,09/17,"1,150"
1107,[],[],평년,[],2016,09/18,"1,150"
1108,[],[],평년,[],2016,09/19,"1,150"
1109,[],[],평년,[],2016,09/20,"1,150"
1110,[],[],평년,[],2016,09/21,"1,150"
1111,[],[],평년,[],2016,09/22,"1,155"
1112,[],[],평년,[],2016,09/23,"1,160"
1113,[],[],평년,[],2016,09/24,"1,163"
1114,[],[],평년,[],2016,09/25,"1,163"
1115,[],[],평년,[],2016,09/26,"1,165"
1116,[],[],평년,[],2016,09/27,"1,175"
1117,[],[],평년,[],2016,09/28,"1,185"
1118,[],[],평년,[],2016,09/29,"1,188"
1119,[],[],평년,[],2016,09/30,"1,188"
1120,[],[],평년,[],2016,10/01,"1,185"
1121,[],[],평년,[],2016,10/02,"1,185"
1122,[],[],평년,[],2016,10/04,"1,185"
1123,[],[],평년,[],2016,10/05,"1,180"
1124,[],[],평년,[],2016,10/06,"1,175"
1125,[],[],평년,[],2016,10/07,"1,175"
1126,[],[],평년,[],2016,10/08,"1,175"
1127,[],[],평년,[],2016,10/10,"1,175"
1128,[],[],평년,[],2016,10/11,"1,175"
1129,[],[],평년,[],2016,10/12,"1,183"
1130,[],[],평년,[],2016,10/13,"1,190"
1131,[],[],평년,[],2016,10/14,"1,198"
1132,[],[],평년,[],2016,10/15,"1,205"
1133,[],[],평년,[],2016,10/16,"1,213"
1134,[],[],평년,[],2016,10/17,"1,213"
1135,[],[],평년,[],2016,10/18,"1,213"
1136,[],[],평년,[],2016,10/19,"1,213"
1137,[],[],평년,[],2016,10/20,"1,218"
1138,[],[],평년,[],2016,10/21,"1,223"
1139,[],[],평년,[],2016,10/22,"1,228"
1140,[],[],평년,[],2016,10/23,"1,233"
1141,[],[],평년,[],2016,10/24,"1,235"
1142,[],[],평년,[],2016,10/25,"1,233"
1143,[],[],평년,[],2016,10/26,"1,230"
1144,[],[],평년,[],2016,10/27,"1,228"
1145,[],[],평년,[],2016,10/28,"1,228"
1146,[],[],평년,[],2016,10/29,"1,228"
1147,[],[],평년,[],2016,10/30,"1,225"
1148,[],[],평년,[],2016,10/31,"1,225"
1149,[],[],평년,[],2016,11/01,"1,225"
1150,[],[],평년,[],2016,11/02,"1,226"
1151,[],[],평년,[],2016,11/03,"1,225"
1152,[],[],평년,[],2016,11/04,"1,224"
1153,[],[],평년,[],2016,11/05,"1,224"
1154,[],[],평년,[],2016,11/06,"1,224"
1155,[],[],평년,[],2016,11/07,"1,224"
1156,[],[],평년,[],2016,11/08,"1,225"
1157,[],[],평년,[],2016,11/09,"1,225"
1158,[],[],평년,[],2016,11/10,"1,225"
1159,[],[],평년,[],2016,11/11,"1,225"
1160,[],[],평년,[],2016,11/12,"1,225"
1161,[],[],평년,[],2016,11/13,"1,225"
1162,[],[],평년,[],2016,11/14,"1,225"
1163,[],[],평년,[],2016,11/15,"1,225"
1164,[],[],평년,[],2016,11/16,"1,225"
1165,[],[],평년,[],2016,11/17,"1,225"
1166,[],[],평년,[],2016,11/18,"1,225"
1167,[],[],평년,[],2016,11/19,"1,225"
1168,[],[],평년,[],2016,11/20,"1,225"
1169,[],[],평년,[],2016,11/21,"1,225"
1170,[],[],평년,[],2016,11/22,"1,225"
1171,[],[],평년,[],2016,11/23,"1,225"
1172,[],[],평년,[],2016,11/24,"1,225"
1173,[],[],평년,[],2016,11/25,"1,230"
1174,[],[],평년,[],2016,11/26,"1,235"
1175,[],[],평년,[],2016,11/27,"1,248"
1176,[],[],평년,[],2016,11/28,"1,253"
1177,[],[],평년,[],2016,11/29,"1,253"
1178,[],[],평년,[],2016,11/30,"1,260"
1179,[],[],평년,[],2016,12/01,"1,273"
1180,[],[],평년,[],2016,12/02,"1,280"
1181,[],[],평년,[],2016,12/03,"1,288"
1182,[],[],평년,[],2016,12/04,"1,288"
1183,[],[],평년,[],2016,12/05,"1,288"
1184,[],[],평년,[],2016,12/06,"1,288"
1185,[],[],평년,[],2016,12/07,"1,288"
1186,[],[],평년,[],2016,12/08,"1,288"
1187,[],[],평년,[],2016,12/09,"1,288"
1188,[],[],평년,[],2016,12/10,"1,288"
1189,[],[],평년,[],2016,12/11,"1,288"
1190,[],[],평년,[],2016,12/12,"1,288"
1191,[],[],평년,[],2016,12/13,"1,288"
1192,[],[],평년,[],2016,12/14,"1,288"
1193,[],[],평년,[],2016,12/15,"1,288"
1194,[],[],평년,[],2016,12/16,"1,288"
1195,[],[],평년,[],2016,12/17,"1,288"
1196,[],[],평년,[],2016,12/18,"1,288"
1197,[],[],평년,[],2016,12/19,"1,288"
1198,[],[],평년,[],2016,12/20,"1,288"
1199,[],[],평년,[],2016,12/21,"1,288"
1200,[],[],평년,[],2016,12/22,"1,288"
1201,[],[],평년,[],2016,12/23,"1,288"
1202,[],[],평년,[],2016,12/24,"1,291"
1203,[],[],평년,[],2016,12/26,"1,295"
1204,[],[],평년,[],2016,12/27,"1,299"
1205,[],[],평년,[],2016,12/28,"1,303"
1206,[],[],평년,[],2016,12/29,"1,306"
1207,[],[],평년,[],2016,12/30,"1,311"
1208,[],[],평년,[],2016,12/31,"1,313"
1209,[],[],평년,[],2020,01/02,"1,298"
1210,[],[],평년,[],2020,01/03,"1,306"
1211,[],[],평년,[],2020,01/04,"1,319"
1212,[],[],평년,[],2020,01/05,"1,331"
1213,[],[],평년,[],2020,01/06,"1,336"
1214,[],[],평년,[],2020,01/07,"1,338"
1215,[],[],평년,[],2020,01/08,"1,338"
1216,[],[],평년,[],2020,01/09,"1,344"
1217,[],[],평년,[],2020,01/10,"1,351"
1218,[],[],평년,[],2020,01/11,"1,359"
1219,[],[],평년,[],2020,01/12,"1,366"
1220,[],[],평년,[],2020,01/13,"1,371"
1221,[],[],평년,[],2020,01/14,"1,373"
1222,[],[],평년,[],2020,01/15,"1,375"
1223,[],[],평년,[],2020,01/16,"1,379"
1224,[],[],평년,[],2020,01/17,"1,384"
1225,[],[],평년,[],2020,01/18,"1,389"
1226,[],[],평년,[],2020,01/19,"1,394"
1227,[],[],평년,[],2020,01/20,"1,394"
1228,[],[],평년,[],2020,01/21,"1,394"
1229,[],[],평년,[],2020,01/22,"1,394"
1230,[],[],평년,[],2020,01/23,"1,394"
1231,[],[],평년,[],2020,01/24,"1,394"
1232,[],[],평년,[],2020,01/25,"1,396"
1233,[],[],평년,[],2020,01/26,"1,397"
1234,[],[],평년,[],2020,01/27,"1,397"
1235,[],[],평년,[],2020,01/28,"1,399"
1236,[],[],평년,[],2020,01/29,"1,406"
1237,[],[],평년,[],2020,01/30,"1,414"
1238,[],[],평년,[],2020,01/31,"1,421"
1239,[],[],평년,[],2020,02/01,"1,426"
1240,[],[],평년,[],2020,02/02,"1,431"
1241,[],[],평년,[],2020,02/03,"1,431"
1242,[],[],평년,[],2020,02/04,"1,431"
1243,[],[],평년,[],2020,02/05,"1,435"
1244,[],[],평년,[],2020,02/06,"1,444"
1245,[],[],평년,[],2020,02/07,"1,453"
1246,[],[],평년,[],2020,02/08,"1,461"
1247,[],[],평년,[],2020,02/09,"1,470"
1248,[],[],평년,[],2020,02/10,"1,475"
1249,[],[],평년,[],2020,02/11,"1,480"
1250,[],[],평년,[],2020,02/12,"1,481"
1251,[],[],평년,[],2020,02/13,"1,484"
1252,[],[],평년,[],2020,02/14,"1,493"
1253,[],[],평년,[],2020,02/15,"1,509"
1254,[],[],평년,[],2020,02/16,"1,515"
1255,[],[],평년,[],2020,02/17,"1,520"
1256,[],[],평년,[],2020,02/18,"1,523"
1257,[],[],평년,[],2020,02/19,"1,524"
1258,[],[],평년,[],2020,02/20,"1,525"
1259,[],[],평년,[],2020,02/21,"1,531"
1260,[],[],평년,[],2020,02/22,"1,531"
1261,[],[],평년,[],2020,02/23,"1,531"
1262,[],[],평년,[],2020,02/24,"1,531"
1263,[],[],평년,[],2020,02/25,"1,535"
1264,[],[],평년,[],2020,02/26,"1,539"
1265,[],[],평년,[],2020,02/27,"1,543"
1266,[],[],평년,[],2020,02/28,"1,545"
1267,[],[],평년,[],2020,02/29,"1,650"
1268,[],[],평년,[],2020,03/02,"1,546"
1269,[],[],평년,[],2020,03/03,"1,550"
1270,[],[],평년,[],2020,03/04,"1,550"
1271,[],[],평년,[],2020,03/05,"1,550"
1272,[],[],평년,[],2020,03/06,"1,550"
1273,[],[],평년,[],2020,03/07,"1,550"
1274,[],[],평년,[],2020,03/08,"1,550"
1275,[],[],평년,[],2020,03/09,"1,550"
1276,[],[],평년,[],2020,03/10,"1,550"
1277,[],[],평년,[],2020,03/11,"1,551"
1278,[],[],평년,[],2020,03/12,"1,553"
1279,[],[],평년,[],2020,03/13,"1,554"
1280,[],[],평년,[],2020,03/14,"1,555"
1281,[],[],평년,[],2020,03/15,"1,556"
1282,[],[],평년,[],2020,03/16,"1,551"
1283,[],[],평년,[],2020,03/17,"1,550"
1284,[],[],평년,[],2020,03/18,"1,550"
1285,[],[],평년,[],2020,03/19,"1,546"
1286,[],[],평년,[],2020,03/20,"1,539"
1287,[],[],평년,[],2020,03/21,"1,531"
1288,[],[],평년,[],2020,03/22,"1,531"
1289,[],[],평년,[],2020,03/23,"1,533"
1290,[],[],평년,[],2020,03/24,"1,532"
1291,[],[],평년,[],2020,03/25,"1,539"
1292,[],[],평년,[],2020,03/26,"1,548"
1293,[],[],평년,[],2020,03/27,"1,564"
1294,[],[],평년,[],2020,03/28,"1,580"
1295,[],[],평년,[],2020,03/29,"1,590"
1296,[],[],평년,[],2020,03/30,"1,590"
1297,[],[],평년,[],2020,03/31,"1,590"
1298,[],[],평년,[],2020,04/01,"1,584"
1299,[],[],평년,[],2020,04/02,"1,578"
1300,[],[],평년,[],2020,04/03,"1,579"
1301,[],[],평년,[],2020,04/04,"1,575"
1302,[],[],평년,[],2020,04/05,"1,563"
1303,[],[],평년,[],2020,04/06,"1,557"
1304,[],[],평년,[],2020,04/07,"1,552"
1305,[],[],평년,[],2020,04/08,"1,543"
1306,[],[],평년,[],2020,04/09,"1,533"
1307,[],[],평년,[],2020,04/10,"1,523"
1308,[],[],평년,[],2020,04/11,"1,508"
1309,[],[],평년,[],2020,04/12,"1,492"
1310,[],[],평년,[],2020,04/13,"1,481"
1311,[],[],평년,[],2020,04/14,"1,473"
1312,[],[],평년,[],2020,04/15,"1,461"
1313,[],[],평년,[],2020,04/16,"1,456"
1314,[],[],평년,[],2020,04/17,"1,456"
1315,[],[],평년,[],2020,04/18,"1,462"
1316,[],[],평년,[],2020,04/19,"1,462"
1317,[],[],평년,[],2020,04/20,"1,466"
1318,[],[],평년,[],2020,04/21,"1,460"
1319,[],[],평년,[],2020,04/22,"1,453"
1320,[],[],평년,[],2020,04/23,"1,453"
1321,[],[],평년,[],2020,04/24,"1,458"
1322,[],[],평년,[],2020,04/25,"1,445"
1323,[],[],평년,[],2020,04/26,"1,433"
1324,[],[],평년,[],2020,04/27,"1,420"
1325,[],[],평년,[],2020,04/28,"1,413"
1326,[],[],평년,[],2020,04/29,"1,423"
1327,[],[],평년,[],2020,04/30,"1,439"
1328,양파,양파(1kg),부산,부전,2016,01/04,"2,500"
1329,양파,양파(1kg),부산,부전,2016,01/05,"2,500"
1330,양파,양파(1kg),부산,부전,2016,01/06,"2,500"
1331,양파,양파(1kg),부산,부전,2016,01/07,"2,500"
1332,양파,양파(1kg),부산,부전,2016,01/08,"2,500"
1333,양파,양파(1kg),부산,부전,2016,01/11,"2,500"
1334,양파,양파(1kg),부산,부전,2016,01/12,"2,500"
1335,양파,양파(1kg),부산,부전,2016,01/13,"2,500"
1336,양파,양파(1kg),부산,부전,2016,01/14,"2,500"
1337,양파,양파(1kg),부산,부전,2016,01/15,"2,500"
1338,양파,양파(1kg),부산,부전,2016,01/18,"2,500"
1339,양파,양파(1kg),부산,부전,2016,01/19,"2,500"
1340,양파,양파(1kg),부산,부전,2016,01/20,"2,500"
1341,양파,양파(1kg),부산,부전,2016,01/21,"2,500"
1342,양파,양파(1kg),부산,부전,2016,01/22,"2,500"
1343,양파,양파(1kg),부산,부전,2016,01/25,"2,500"
1344,양파,양파(1kg),부산,부전,2016,01/26,"2,500"
1345,양파,양파(1kg),부산,부전,2016,01/27,"2,500"
1346,양파,양파(1kg),부산,부전,2016,01/28,"2,500"
1347,양파,양파(1kg),부산,부전,2016,01/29,"2,500"
1348,양파,양파(1kg),부산,부전,2016,02/01,"2,500"
1349,양파,양파(1kg),부산,부전,2016,02/02,"2,500"
1350,양파,양파(1kg),부산,부전,2016,02/03,"2,500"
1351,양파,양파(1kg),부산,부전,2016,02/04,"2,500"
1352,양파,양파(1kg),부산,부전,2016,02/05,"2,500"
1353,양파,양파(1kg),부산,부전,2016,02/11,"2,500"
1354,양파,양파(1kg),부산,부전,2016,02/12,"2,500"
1355,양파,양파(1kg),부산,부전,2016,02/15,"2,500"
1356,양파,양파(1kg),부산,부전,2016,02/16,"2,500"
1357,양파,양파(1kg),부산,부전,2016,02/17,"2,500"
1358,양파,양파(1kg),부산,부전,2016,02/18,"2,300"
1359,양파,양파(1kg),부산,부전,2016,02/19,"2,300"
1360,양파,양파(1kg),부산,부전,2016,02/22,"2,300"
1361,양파,양파(1kg),부산,부전,2016,02/23,"2,300"
1362,양파,양파(1kg),부산,부전,2016,02/24,"2,300"
1363,양파,양파(1kg),부산,부전,2016,02/25,"2,300"
1364,양파,양파(1kg),부산,부전,2016,02/26,"2,300"
1365,양파,양파(1kg),부산,부전,2016,02/29,"2,300"
1366,양파,양파(1kg),부산,부전,2016,03/02,"2,300"
1367,양파,양파(1kg),부산,부전,2016,03/03,"2,300"
1368,양파,양파(1kg),부산,부전,2016,03/04,"2,300"
1369,양파,양파(1kg),부산,부전,2016,03/07,"2,300"
1370,양파,양파(1kg),부산,부전,2016,03/08,"2,300"
1371,양파,양파(1kg),부산,부전,2016,03/09,"2,300"
1372,양파,양파(1kg),부산,부전,2016,03/10,"2,300"
1373,양파,양파(1kg),부산,부전,2016,03/11,"2,300"
1374,양파,양파(1kg),부산,부전,2016,03/14,"2,300"
1375,양파,양파(1kg),부산,부전,2016,03/15,"2,300"
1376,양파,양파(1kg),부산,부전,2016,03/16,"2,300"
1377,양파,양파(1kg),부산,부전,2016,03/17,"2,300"
1378,양파,양파(1kg),부산,부전,2016,03/18,"2,300"
1379,양파,양파(1kg),부산,부전,2016,03/21,"2,300"
1380,양파,양파(1kg),부산,부전,2016,03/22,"2,300"
1381,양파,양파(1kg),부산,부전,2016,03/23,"2,300"
1382,양파,양파(1kg),부산,부전,2016,03/24,"2,300"
1383,양파,양파(1kg),부산,부전,2016,03/25,"2,300"
1384,양파,양파(1kg),부산,부전,2016,03/28,"2,300"
1385,양파,양파(1kg),부산,부전,2016,03/29,"2,300"
1386,양파,양파(1kg),부산,부전,2016,03/30,"2,300"
1387,양파,양파(1kg),부산,부전,2016,03/31,"2,300"
1388,양파,양파(1kg),부산,부전,2016,04/01,"2,000"
1389,양파,양파(1kg),부산,부전,2016,04/04,"2,000"
1390,양파,양파(1kg),부산,부전,2016,04/05,"2,000"
1391,양파,양파(1kg),부산,부전,2016,04/06,"2,000"
1392,양파,양파(1kg),부산,부전,2016,04/07,"2,000"
1393,양파,양파(1kg),부산,부전,2016,04/08,"2,000"
1394,양파,양파(1kg),부산,부전,2016,04/11,"2,000"
1395,양파,양파(1kg),부산,부전,2016,04/12,"2,000"
1396,양파,양파(1kg),부산,부전,2016,04/14,"2,000"
1397,양파,양파(1kg),부산,부전,2016,04/15,"1,800"
1398,양파,양파(1kg),부산,부전,2016,04/18,"1,800"
1399,양파,양파(1kg),부산,부전,2016,04/19,"1,800"
1400,양파,양파(1kg),부산,부전,2016,04/20,"1,800"
1401,양파,양파(1kg),부산,부전,2016,05/02,"2,000"
1402,양파,양파(1kg),부산,부전,2016,05/03,"2,000"
1403,양파,양파(1kg),부산,부전,2016,05/04,"1,800"
1404,양파,양파(1kg),부산,부전,2016,05/09,"1,800"
1405,양파,양파(1kg),부산,부전,2016,05/10,"1,800"
1406,양파,양파(1kg),부산,부전,2016,05/11,"1,500"
1407,양파,양파(1kg),부산,부전,2016,05/12,"1,500"
1408,양파,양파(1kg),부산,부전,2016,05/13,"1,500"
1409,양파,양파(1kg),부산,부전,2016,05/16,"1,500"
1410,양파,양파(1kg),부산,부전,2016,05/17,"1,500"
1411,양파,양파(1kg),부산,부전,2016,05/18,"1,500"
1412,양파,양파(1kg),부산,부전,2016,05/19,"1,500"
1413,양파,양파(1kg),부산,부전,2016,05/20,"1,500"
1414,양파,양파(1kg),부산,부전,2016,05/23,"1,500"
1415,양파,양파(1kg),부산,부전,2016,05/24,"1,500"
1416,양파,양파(1kg),부산,부전,2016,05/25,"1,500"
1417,양파,양파(1kg),부산,부전,2016,05/26,"1,500"
1418,양파,양파(1kg),부산,부전,2016,05/27,"1,300"
1419,양파,양파(1kg),부산,부전,2016,05/30,"1,300"
1420,양파,양파(1kg),부산,부전,2016,05/31,"1,300"
1421,양파,양파(1kg),부산,부전,2016,06/01,"1,300"
1422,양파,양파(1kg),부산,부전,2016,06/02,"1,300"
1423,양파,양파(1kg),부산,부전,2016,06/03,"1,300"
1424,양파,양파(1kg),부산,부전,2016,06/07,"1,300"
1425,양파,양파(1kg),부산,부전,2016,06/08,"1,300"
1426,양파,양파(1kg),부산,부전,2016,06/09,"1,300"
1427,양파,양파(1kg),부산,부전,2016,06/10,"1,300"
1428,양파,양파(1kg),부산,부전,2016,06/13,"1,300"
1429,양파,양파(1kg),부산,부전,2016,06/14,"1,300"
1430,양파,양파(1kg),부산,부전,2016,06/15,"1,300"
1431,양파,양파(1kg),부산,부전,2016,06/16,"1,300"
1432,양파,양파(1kg),부산,부전,2016,06/17,"1,300"
1433,양파,양파(1kg),부산,부전,2016,06/20,"1,300"
1434,양파,양파(1kg),부산,부전,2016,06/21,"1,300"
1435,양파,양파(1kg),부산,부전,2016,06/22,"1,300"
1436,양파,양파(1kg),부산,부전,2016,06/23,"1,000"
1437,양파,양파(1kg),부산,부전,2016,06/24,"1,000"
1438,양파,양파(1kg),부산,부전,2016,06/27,"1,000"
1439,양파,양파(1kg),부산,부전,2016,06/28,"1,000"
1440,양파,양파(1kg),부산,부전,2016,06/29,"1,000"
1441,양파,양파(1kg),부산,부전,2016,06/30,"1,000"
1442,양파,양파(1kg),부산,부전,2016,07/01,"1,000"
1443,양파,양파(1kg),부산,부전,2016,07/04,"1,000"
1444,양파,양파(1kg),부산,부전,2016,07/05,"1,000"
1445,양파,양파(1kg),부산,부전,2016,07/06,"1,000"
1446,양파,양파(1kg),부산,부전,2016,07/07,"1,000"
1447,양파,양파(1kg),부산,부전,2016,07/08,"1,000"
1448,양파,양파(1kg),부산,부전,2016,07/11,"1,000"
1449,양파,양파(1kg),부산,부전,2016,07/12,"1,000"
1450,양파,양파(1kg),부산,부전,2016,07/13,"1,000"
1451,양파,양파(1kg),부산,부전,2016,07/14,"1,000"
1452,양파,양파(1kg),부산,부전,2016,07/15,"1,000"
1453,양파,양파(1kg),부산,부전,2016,07/18,"1,000"
1454,양파,양파(1kg),부산,부전,2016,07/19,"1,000"
1455,양파,양파(1kg),부산,부전,2016,07/20,"1,000"
1456,양파,양파(1kg),부산,부전,2016,07/21,"1,000"
1457,양파,양파(1kg),부산,부전,2016,07/22,"1,000"
1458,양파,양파(1kg),부산,부전,2016,07/25,"1,000"
1459,양파,양파(1kg),부산,부전,2016,07/26,"1,000"
1460,양파,양파(1kg),부산,부전,2016,07/27,"1,000"
1461,양파,양파(1kg),부산,부전,2016,07/28,"1,000"
1462,양파,양파(1kg),부산,부전,2016,07/29,"1,000"
1463,양파,양파(1kg),부산,부전,2016,08/01,"1,000"
1464,양파,양파(1kg),부산,부전,2016,08/02,"1,000"
1465,양파,양파(1kg),부산,부전,2016,08/03,"1,000"
1466,양파,양파(1kg),부산,부전,2016,08/04,"1,000"
1467,양파,양파(1kg),부산,부전,2016,08/05,"1,000"
1468,양파,양파(1kg),부산,부전,2016,08/08,"1,000"
1469,양파,양파(1kg),부산,부전,2016,08/09,"1,000"
1470,양파,양파(1kg),부산,부전,2016,08/10,"1,000"
1471,양파,양파(1kg),부산,부전,2016,08/11,"1,000"
1472,양파,양파(1kg),부산,부전,2016,08/12,"1,000"
1473,양파,양파(1kg),부산,부전,2016,08/16,"1,000"
1474,양파,양파(1kg),부산,부전,2016,08/17,"1,000"
1475,양파,양파(1kg),부산,부전,2016,08/18,"1,000"
1476,양파,양파(1kg),부산,부전,2016,08/19,"1,000"
1477,양파,양파(1kg),부산,부전,2016,08/22,"1,000"
1478,양파,양파(1kg),부산,부전,2016,08/23,"1,000"
1479,양파,양파(1kg),부산,부전,2016,08/24,"1,000"
1480,양파,양파(1kg),부산,부전,2016,08/25,"1,000"
1481,양파,양파(1kg),부산,부전,2016,08/26,"1,000"
1482,양파,양파(1kg),부산,부전,2016,08/29,"1,000"
1483,양파,양파(1kg),부산,부전,2016,08/30,"1,000"
1484,양파,양파(1kg),부산,부전,2016,08/31,"1,000"
1485,양파,양파(1kg),부산,부전,2016,09/01,"1,000"
1486,양파,양파(1kg),부산,부전,2016,09/02,"1,000"
1487,양파,양파(1kg),부산,부전,2016,09/05,"1,000"
1488,양파,양파(1kg),부산,부전,2016,09/06,"1,000"
1489,양파,양파(1kg),부산,부전,2016,09/07,"1,000"
1490,양파,양파(1kg),부산,부전,2016,09/08,"1,000"
1491,양파,양파(1kg),부산,부전,2016,09/09,"1,000"
1492,양파,양파(1kg),부산,부전,2016,09/12,"1,000"
1493,양파,양파(1kg),부산,부전,2016,09/13,"1,000"
1494,양파,양파(1kg),부산,부전,2016,09/19,"1,000"
1495,양파,양파(1kg),부산,부전,2016,09/20,"1,000"
1496,양파,양파(1kg),부산,부전,2016,09/21,"1,000"
1497,양파,양파(1kg),부산,부전,2016,09/22,"1,000"
1498,양파,양파(1kg),부산,부전,2016,09/23,"1,000"
1499,양파,양파(1kg),부산,부전,2016,09/26,"1,200"
1500,양파,양파(1kg),부산,부전,2016,09/27,"1,200"
1501,양파,양파(1kg),부산,부전,2016,09/28,"1,200"
1502,양파,양파(1kg),부산,부전,2016,09/29,"1,200"
1503,양파,양파(1kg),부산,부전,2016,09/30,"1,200"
1504,양파,양파(1kg),부산,부전,2016,10/04,"1,200"
1505,양파,양파(1kg),부산,부전,2016,10/05,"1,200"
1506,양파,양파(1kg),부산,부전,2016,10/06,"1,200"
1507,양파,양파(1kg),부산,부전,2016,10/07,"1,200"
1508,양파,양파(1kg),부산,부전,2016,10/10,"1,200"
1509,양파,양파(1kg),부산,부전,2016,10/11,"1,200"
1510,양파,양파(1kg),부산,부전,2016,10/12,"1,200"
1511,양파,양파(1kg),부산,부전,2016,10/13,"1,200"
1512,양파,양파(1kg),부산,부전,2016,10/14,"1,200"
1513,양파,양파(1kg),부산,부전,2016,10/17,"1,200"
1514,양파,양파(1kg),부산,부전,2016,10/18,"1,200"
1515,양파,양파(1kg),부산,부전,2016,10/19,"1,200"
1516,양파,양파(1kg),부산,부전,2016,10/20,"1,200"
1517,양파,양파(1kg),부산,부전,2016,10/21,"1,200"
1518,양파,양파(1kg),부산,부전,2016,10/24,"1,200"
1519,양파,양파(1kg),부산,부전,2016,10/25,"1,200"
1520,양파,양파(1kg),부산,부전,2016,10/26,"1,200"
1521,양파,양파(1kg),부산,부전,2016,10/27,"1,200"
1522,양파,양파(1kg),부산,부전,2016,10/28,"1,200"
1523,양파,양파(1kg),부산,부전,2016,10/31,"1,200"
1524,양파,양파(1kg),부산,부전,2016,11/01,"1,200"
1525,양파,양파(1kg),부산,부전,2016,11/02,"1,200"
1526,양파,양파(1kg),부산,부전,2016,11/03,"1,200"
1527,양파,양파(1kg),부산,부전,2016,11/04,"1,200"
1528,양파,양파(1kg),부산,부전,2016,11/07,"1,200"
1529,양파,양파(1kg),부산,부전,2016,11/08,"1,200"
1530,양파,양파(1kg),부산,부전,2016,11/09,"1,200"
1531,양파,양파(1kg),부산,부전,2016,11/10,"1,200"
1532,양파,양파(1kg),부산,부전,2016,11/11,"1,200"
1533,양파,양파(1kg),부산,부전,2016,11/14,"1,200"
1534,양파,양파(1kg),부산,부전,2016,11/15,"1,200"
1535,양파,양파(1kg),부산,부전,2016,11/16,"1,200"
1536,양파,양파(1kg),부산,부전,2016,11/17,"1,200"
1537,양파,양파(1kg),부산,부전,2016,11/18,"1,200"
1538,양파,양파(1kg),부산,부전,2016,11/21,"1,200"
1539,양파,양파(1kg),부산,부전,2016,11/22,"1,200"
1540,양파,양파(1kg),부산,부전,2016,11/23,"1,200"
1541,양파,양파(1kg),부산,부전,2016,11/24,"1,200"
1542,양파,양파(1kg),부산,부전,2016,11/25,"1,200"
1543,양파,양파(1kg),부산,부전,2016,11/28,"1,200"
1544,양파,양파(1kg),부산,부전,2016,11/29,"1,200"
1545,양파,양파(1kg),부산,부전,2016,11/30,"1,200"
1546,양파,양파(1kg),부산,부전,2016,12/01,"1,200"
1547,양파,양파(1kg),부산,부전,2016,12/05,"1,200"
1548,양파,양파(1kg),부산,부전,2016,12/06,"1,200"
1549,양파,양파(1kg),부산,부전,2016,12/07,"1,200"
1550,양파,양파(1kg),부산,부전,2016,12/08,"1,200"
1551,양파,양파(1kg),부산,부전,2016,12/09,"1,200"
1552,양파,양파(1kg),부산,부전,2016,12/12,"1,200"
1553,양파,양파(1kg),부산,부전,2016,12/13,"1,200"
1554,양파,양파(1kg),부산,부전,2016,12/14,"1,200"
1555,양파,양파(1kg),부산,부전,2016,12/15,"1,200"
1556,양파,양파(1kg),부산,부전,2016,12/16,"1,200"
1557,양파,양파(1kg),부산,부전,2016,12/19,"1,200"
1558,양파,양파(1kg),부산,부전,2016,12/20,"1,200"
1559,양파,양파(1kg),부산,부전,2016,12/21,"1,200"
1560,양파,양파(1kg),부산,부전,2016,12/22,"1,200"
1561,양파,양파(1kg),부산,부전,2016,12/23,"1,200"
1562,양파,양파(1kg),부산,부전,2016,12/26,"1,200"
1563,양파,양파(1kg),부산,부전,2016,12/27,"1,200"
1564,양파,양파(1kg),부산,부전,2016,12/28,"1,200"
1565,양파,양파(1kg),부산,부전,2016,12/29,"1,200"
1566,양파,양파(1kg),부산,부전,2016,12/30,"1,200"
1567,양파,양파(1kg),부산,부전,2017,01/02,"1,200"
1568,양파,양파(1kg),부산,부전,2017,01/03,"1,200"
1569,양파,양파(1kg),부산,부전,2017,01/04,"1,200"
1570,양파,양파(1kg),부산,부전,2017,01/05,"1,200"
1571,양파,양파(1kg),부산,부전,2017,01/06,"1,200"
1572,양파,양파(1kg),부산,부전,2017,01/09,"1,200"
1573,양파,양파(1kg),부산,부전,2017,01/10,"1,400"
1574,양파,양파(1kg),부산,부전,2017,01/11,"1,400"
1575,양파,양파(1kg),부산,부전,2017,01/12,"1,400"
1576,양파,양파(1kg),부산,부전,2017,01/13,"1,400"
1577,양파,양파(1kg),부산,부전,2017,01/16,"1,400"
1578,양파,양파(1kg),부산,부전,2017,01/17,"1,600"
1579,양파,양파(1kg),부산,부전,2017,01/18,"1,600"
1580,양파,양파(1kg),부산,부전,2017,01/19,"1,600"
1581,양파,양파(1kg),부산,부전,2017,01/20,"1,600"
1582,양파,양파(1kg),부산,부전,2017,01/23,"1,600"
1583,양파,양파(1kg),부산,부전,2017,01/24,"1,600"
1584,양파,양파(1kg),부산,부전,2017,01/25,"1,600"
1585,양파,양파(1kg),부산,부전,2017,01/26,"1,600"
1586,양파,양파(1kg),부산,부전,2017,01/31,"1,600"
1587,양파,양파(1kg),부산,부전,2017,02/01,"1,600"
1588,양파,양파(1kg),부산,부전,2017,02/02,"1,600"
1589,양파,양파(1kg),부산,부전,2017,02/03,"1,600"
1590,양파,양파(1kg),부산,부전,2017,02/06,"1,600"
1591,양파,양파(1kg),부산,부전,2017,02/07,"1,600"
1592,양파,양파(1kg),부산,부전,2017,02/08,"1,800"
1593,양파,양파(1kg),부산,부전,2017,02/09,"1,800"
1594,양파,양파(1kg),부산,부전,2017,02/10,"1,800"
1595,양파,양파(1kg),부산,부전,2017,02/13,"1,800"
1596,양파,양파(1kg),부산,부전,2017,02/14,"1,800"
1597,양파,양파(1kg),부산,부전,2017,02/15,"1,900"
1598,양파,양파(1kg),부산,부전,2017,02/16,"1,900"
1599,양파,양파(1kg),부산,부전,2017,02/17,"1,900"
1600,양파,양파(1kg),부산,부전,2017,02/20,"1,900"
1601,양파,양파(1kg),부산,부전,2017,02/21,"1,900"
1602,양파,양파(1kg),부산,부전,2017,02/22,"1,900"
1603,양파,양파(1kg),부산,부전,2017,02/23,"1,900"
1604,양파,양파(1kg),부산,부전,2017,02/24,"1,900"
1605,양파,양파(1kg),부산,부전,2017,02/27,"1,900"
1606,양파,양파(1kg),부산,부전,2017,02/28,"1,900"
1607,양파,양파(1kg),부산,부전,2017,03/02,"1,900"
1608,양파,양파(1kg),부산,부전,2017,03/03,"1,900"
1609,양파,양파(1kg),부산,부전,2017,03/06,"1,900"
1610,양파,양파(1kg),부산,부전,2017,03/07,"1,900"
1611,양파,양파(1kg),부산,부전,2017,03/08,"1,900"
1612,양파,양파(1kg),부산,부전,2017,03/09,"1,900"
1613,양파,양파(1kg),부산,부전,2017,03/10,"1,900"
1614,양파,양파(1kg),부산,부전,2017,03/13,"1,900"
1615,양파,양파(1kg),부산,부전,2017,03/14,"1,900"
1616,양파,양파(1kg),부산,부전,2017,03/15,"1,900"
1617,양파,양파(1kg),부산,부전,2017,03/16,"1,900"
1618,양파,양파(1kg),부산,부전,2017,03/17,"1,900"
1619,양파,양파(1kg),부산,부전,2017,03/20,"1,900"
1620,양파,양파(1kg),부산,부전,2017,03/21,"1,900"
1621,양파,양파(1kg),부산,부전,2017,03/22,"1,900"
1622,양파,양파(1kg),부산,부전,2017,03/23,"1,900"
1623,양파,양파(1kg),부산,부전,2017,03/24,"1,900"
1624,양파,양파(1kg),부산,부전,2017,03/27,"1,900"
1625,양파,양파(1kg),부산,부전,2017,03/28,"1,900"
1626,양파,양파(1kg),부산,부전,2017,03/29,"2,100"
1627,양파,양파(1kg),부산,부전,2017,03/30,"2,100"
1628,양파,양파(1kg),부산,부전,2017,03/31,"2,100"
1629,양파,양파(1kg),부산,부전,2017,04/03,"2,200"
1630,양파,양파(1kg),부산,부전,2017,04/04,"2,200"
1631,양파,양파(1kg),부산,부전,2017,04/05,"2,200"
1632,양파,양파(1kg),부산,부전,2017,04/06,"2,200"
1633,양파,양파(1kg),부산,부전,2017,04/07,"2,200"
1634,양파,양파(1kg),부산,부전,2017,04/10,"2,200"
1635,양파,양파(1kg),부산,부전,2017,04/11,"2,200"
1636,양파,양파(1kg),부산,부전,2017,04/12,"2,200"
1637,양파,양파(1kg),부산,부전,2017,04/13,"2,200"
1638,양파,양파(1kg),부산,부전,2017,04/14,"2,200"
1639,양파,양파(1kg),부산,부전,2017,04/17,"2,200"
1640,양파,양파(1kg),부산,부전,2017,04/18,"2,200"
1641,양파,양파(1kg),부산,부전,2017,04/19,"2,200"
1642,양파,양파(1kg),부산,부전,2017,04/20,"2,200"
1643,양파,양파(1kg),부산,부전,2017,04/21,"2,000"
1644,양파,양파(1kg),부산,부전,2017,04/24,"2,000"
1645,양파,양파(1kg),부산,부전,2017,04/25,"1,800"
1646,양파,양파(1kg),부산,부전,2017,04/26,"1,800"
1647,양파,양파(1kg),부산,부전,2017,04/27,"1,800"
1648,양파,양파(1kg),부산,부전,2017,04/28,"1,600"
1649,양파,양파(1kg),부산,부전,2017,05/02,"1,600"
1650,양파,양파(1kg),부산,부전,2017,05/04,"1,600"
1651,양파,양파(1kg),부산,부전,2017,05/08,"1,600"
1652,양파,양파(1kg),부산,부전,2017,05/10,"1,600"
1653,양파,양파(1kg),부산,부전,2017,05/11,"1,500"
1654,양파,양파(1kg),부산,부전,2017,05/12,"1,500"
1655,양파,양파(1kg),부산,부전,2017,05/15,"1,500"
1656,양파,양파(1kg),부산,부전,2017,05/16,"1,500"
1657,양파,양파(1kg),부산,부전,2017,05/17,"1,500"
1658,양파,양파(1kg),부산,부전,2017,05/18,"1,500"
1659,양파,양파(1kg),부산,부전,2017,05/19,"1,500"
1660,양파,양파(1kg),부산,부전,2017,05/22,"1,500"
1661,양파,양파(1kg),부산,부전,2017,05/23,"1,500"
1662,양파,양파(1kg),부산,부전,2017,05/24,"1,500"
1663,양파,양파(1kg),부산,부전,2017,05/25,"1,500"
1664,양파,양파(1kg),부산,부전,2017,05/26,"1,500"
1665,양파,양파(1kg),부산,부전,2017,05/29,"1,500"
1666,양파,양파(1kg),부산,부전,2017,05/30,"1,500"
1667,양파,양파(1kg),부산,부전,2017,05/31,"1,500"
1668,양파,양파(1kg),부산,부전,2017,06/01,"1,500"
1669,양파,양파(1kg),부산,부전,2017,06/02,"1,500"
1670,양파,양파(1kg),부산,부전,2017,06/05,"1,500"
1671,양파,양파(1kg),부산,부전,2017,06/07,"1,500"
1672,양파,양파(1kg),부산,부전,2017,06/08,"1,500"
1673,양파,양파(1kg),부산,부전,2017,06/09,"1,500"
1674,양파,양파(1kg),부산,부전,2017,06/12,"1,500"
1675,양파,양파(1kg),부산,부전,2017,06/13,"1,500"
1676,양파,양파(1kg),부산,부전,2017,06/14,"1,500"
1677,양파,양파(1kg),부산,부전,2017,06/15,"1,500"
1678,양파,양파(1kg),부산,부전,2017,06/16,"1,500"
1679,양파,양파(1kg),부산,부전,2017,06/19,"1,500"
1680,양파,양파(1kg),부산,부전,2017,06/20,"1,500"
1681,양파,양파(1kg),부산,부전,2017,06/21,"1,500"
1682,양파,양파(1kg),부산,부전,2017,06/22,"1,500"
1683,양파,양파(1kg),부산,부전,2017,06/23,"1,500"
1684,양파,양파(1kg),부산,부전,2017,06/26,"1,500"
1685,양파,양파(1kg),부산,부전,2017,06/27,"1,500"
1686,양파,양파(1kg),부산,부전,2017,06/28,"1,500"
1687,양파,양파(1kg),부산,부전,2017,06/29,"1,500"
1688,양파,양파(1kg),부산,부전,2017,06/30,"1,500"
1689,양파,양파(1kg),부산,부전,2017,07/03,"1,500"
1690,양파,양파(1kg),부산,부전,2017,07/04,"1,500"
1691,양파,양파(1kg),부산,부전,2017,07/05,"1,500"
1692,양파,양파(1kg),부산,부전,2017,07/06,"1,500"
1693,양파,양파(1kg),부산,부전,2017,07/07,"1,500"
1694,양파,양파(1kg),부산,부전,2017,07/10,"1,500"
1695,양파,양파(1kg),부산,부전,2017,07/11,"1,500"
1696,양파,양파(1kg),부산,부전,2017,07/12,"1,500"
1697,양파,양파(1kg),부산,부전,2017,07/13,"1,500"
1698,양파,양파(1kg),부산,부전,2017,07/14,"1,500"
1699,양파,양파(1kg),부산,부전,2017,07/17,"1,500"
1700,양파,양파(1kg),부산,부전,2017,07/18,"1,500"
1701,양파,양파(1kg),부산,부전,2017,07/19,"1,500"
1702,양파,양파(1kg),부산,부전,2017,07/20,"1,500"
1703,양파,양파(1kg),부산,부전,2017,07/21,"1,500"
1704,양파,양파(1kg),부산,부전,2017,07/24,"1,500"
1705,양파,양파(1kg),부산,부전,2017,07/25,"1,500"
1706,양파,양파(1kg),부산,부전,2017,07/26,"1,500"
1707,양파,양파(1kg),부산,부전,2017,07/27,"1,500"
1708,양파,양파(1kg),부산,부전,2017,07/28,"1,500"
1709,양파,양파(1kg),부산,부전,2017,07/31,"1,500"
1710,양파,양파(1kg),부산,부전,2017,08/01,"1,500"
1711,양파,양파(1kg),부산,부전,2017,08/02,"1,500"
1712,양파,양파(1kg),부산,부전,2017,08/03,"1,500"
1713,양파,양파(1kg),부산,부전,2017,08/04,"1,500"
1714,양파,양파(1kg),부산,부전,2017,08/07,"1,500"
1715,양파,양파(1kg),부산,부전,2017,08/08,"1,500"
1716,양파,양파(1kg),부산,부전,2017,08/09,"1,500"
1717,양파,양파(1kg),부산,부전,2017,08/10,"1,500"
1718,양파,양파(1kg),부산,부전,2017,08/11,"1,500"
1719,양파,양파(1kg),부산,부전,2017,08/14,"1,500"
1720,양파,양파(1kg),부산,부전,2017,08/16,"1,500"
1721,양파,양파(1kg),부산,부전,2017,08/17,"1,500"
1722,양파,양파(1kg),부산,부전,2017,08/18,"1,500"
1723,양파,양파(1kg),부산,부전,2017,08/21,"1,500"
1724,양파,양파(1kg),부산,부전,2017,08/22,"1,500"
1725,양파,양파(1kg),부산,부전,2017,08/23,"1,500"
1726,양파,양파(1kg),부산,부전,2017,08/24,"1,500"
1727,양파,양파(1kg),부산,부전,2017,08/25,"1,500"
1728,양파,양파(1kg),부산,부전,2017,08/28,"1,500"
1729,양파,양파(1kg),부산,부전,2017,08/29,"1,500"
1730,양파,양파(1kg),부산,부전,2017,08/30,"1,500"
1731,양파,양파(1kg),부산,부전,2017,08/31,"1,500"
1732,양파,양파(1kg),부산,부전,2017,09/01,"1,500"
1733,양파,양파(1kg),부산,부전,2017,09/04,"1,500"
1734,양파,양파(1kg),부산,부전,2017,09/05,"1,500"
1735,양파,양파(1kg),부산,부전,2017,09/06,"1,500"
1736,양파,양파(1kg),부산,부전,2017,09/07,"1,500"
1737,양파,양파(1kg),부산,부전,2017,09/08,"1,500"
1738,양파,양파(1kg),부산,부전,2017,09/11,"1,500"
1739,양파,양파(1kg),부산,부전,2017,09/12,"1,500"
1740,양파,양파(1kg),부산,부전,2017,09/13,"1,500"
1741,양파,양파(1kg),부산,부전,2017,09/14,"1,500"
1742,양파,양파(1kg),부산,부전,2017,09/15,"1,500"
1743,양파,양파(1kg),부산,부전,2017,09/18,"1,500"
1744,양파,양파(1kg),부산,부전,2017,09/19,"1,500"
1745,양파,양파(1kg),부산,부전,2017,09/20,"1,500"
1746,양파,양파(1kg),부산,부전,2017,09/21,"1,500"
1747,양파,양파(1kg),부산,부전,2017,09/22,"1,500"
1748,양파,양파(1kg),부산,부전,2017,09/25,"1,500"
1749,양파,양파(1kg),부산,부전,2017,09/26,"1,500"
1750,양파,양파(1kg),부산,부전,2017,09/27,"1,500"
1751,양파,양파(1kg),부산,부전,2017,09/28,"1,500"
1752,양파,양파(1kg),부산,부전,2017,09/29,"1,500"
1753,양파,양파(1kg),부산,부전,2017,10/10,"1,500"
1754,양파,양파(1kg),부산,부전,2017,10/11,"1,500"
1755,양파,양파(1kg),부산,부전,2017,10/12,"1,500"
1756,양파,양파(1kg),부산,부전,2017,10/13,"1,500"
1757,양파,양파(1kg),부산,부전,2017,10/16,"1,500"
1758,양파,양파(1kg),부산,부전,2017,10/17,"1,500"
1759,양파,양파(1kg),부산,부전,2017,10/18,"1,500"
1760,양파,양파(1kg),부산,부전,2017,10/19,"1,500"
1761,양파,양파(1kg),부산,부전,2017,10/20,"1,500"
1762,양파,양파(1kg),부산,부전,2017,10/23,"1,500"
1763,양파,양파(1kg),부산,부전,2017,10/24,"1,500"
1764,양파,양파(1kg),부산,부전,2017,10/25,"1,500"
1765,양파,양파(1kg),부산,부전,2017,10/26,"1,500"
1766,양파,양파(1kg),부산,부전,2017,10/27,"1,500"
1767,양파,양파(1kg),부산,부전,2017,10/30,"1,500"
1768,양파,양파(1kg),부산,부전,2017,10/31,"1,500"
1769,양파,양파(1kg),부산,부전,2017,11/01,"1,500"
1770,양파,양파(1kg),부산,부전,2017,11/02,"1,500"
1771,양파,양파(1kg),부산,부전,2017,11/03,"1,500"
1772,양파,양파(1kg),부산,부전,2017,11/06,"1,500"
1773,양파,양파(1kg),부산,부전,2017,11/07,"1,500"
1774,양파,양파(1kg),부산,부전,2017,11/08,"1,500"
1775,양파,양파(1kg),부산,부전,2017,11/09,"1,500"
1776,양파,양파(1kg),부산,부전,2017,11/10,"1,500"
1777,양파,양파(1kg),부산,부전,2017,11/13,"1,500"
1778,양파,양파(1kg),부산,부전,2017,11/14,"1,500"
1779,양파,양파(1kg),부산,부전,2017,11/15,"1,500"
1780,양파,양파(1kg),부산,부전,2017,11/16,"1,500"
1781,양파,양파(1kg),부산,부전,2017,11/17,"1,500"
1782,양파,양파(1kg),부산,부전,2017,11/20,"1,500"
1783,양파,양파(1kg),부산,부전,2017,11/21,"1,500"
1784,양파,양파(1kg),부산,부전,2017,11/22,"1,500"
1785,양파,양파(1kg),부산,부전,2017,11/23,"1,500"
1786,양파,양파(1kg),부산,부전,2017,11/24,"1,500"
1787,양파,양파(1kg),부산,부전,2017,11/27,"1,500"
1788,양파,양파(1kg),부산,부전,2017,11/28,"1,500"
1789,양파,양파(1kg),부산,부전,2017,11/29,"1,500"
1790,양파,양파(1kg),부산,부전,2017,11/30,"1,500"
1791,양파,양파(1kg),부산,부전,2017,12/04,"1,500"
1792,양파,양파(1kg),부산,부전,2017,12/05,"1,500"
1793,양파,양파(1kg),부산,부전,2017,12/06,"1,500"
1794,양파,양파(1kg),부산,부전,2017,12/07,"1,500"
1795,양파,양파(1kg),부산,부전,2017,12/08,"1,500"
1796,양파,양파(1kg),부산,부전,2017,12/11,"1,500"
1797,양파,양파(1kg),부산,부전,2017,12/12,"1,500"
1798,양파,양파(1kg),부산,부전,2017,12/13,"1,500"
1799,양파,양파(1kg),부산,부전,2017,12/14,"1,500"
1800,양파,양파(1kg),부산,부전,2017,12/15,"1,500"
1801,양파,양파(1kg),부산,부전,2017,12/18,"1,500"
1802,양파,양파(1kg),부산,부전,2017,12/19,"1,500"
1803,양파,양파(1kg),부산,부전,2017,12/20,"1,500"
1804,양파,양파(1kg),부산,부전,2017,12/21,"1,500"
1805,양파,양파(1kg),부산,부전,2017,12/22,"1,500"
1806,양파,양파(1kg),부산,부전,2017,12/26,"1,500"
1807,양파,양파(1kg),부산,부전,2017,12/27,"1,500"
1808,양파,양파(1kg),부산,부전,2017,12/28,"1,500"
1809,양파,양파(1kg),부산,부전,2017,12/29,"1,500"
1810,양파,양파(1kg),부산,부전,2018,01/02,"1,500"
1811,양파,양파(1kg),부산,부전,2018,01/03,"1,500"
1812,양파,양파(1kg),부산,부전,2018,01/04,"1,500"
1813,양파,양파(1kg),부산,부전,2018,01/05,"1,500"
1814,양파,양파(1kg),부산,부전,2018,01/08,"1,500"
1815,양파,양파(1kg),부산,부전,2018,01/09,"1,500"
1816,양파,양파(1kg),부산,부전,2018,01/10,"1,500"
1817,양파,양파(1kg),부산,부전,2018,01/11,"1,500"
1818,양파,양파(1kg),부산,부전,2018,01/12,"1,500"
1819,양파,양파(1kg),부산,부전,2018,01/15,"1,500"
1820,양파,양파(1kg),부산,부전,2018,01/16,"1,500"
1821,양파,양파(1kg),부산,부전,2018,01/17,"1,500"
1822,양파,양파(1kg),부산,부전,2018,01/18,"1,500"
1823,양파,양파(1kg),부산,부전,2018,01/19,"1,500"
1824,양파,양파(1kg),부산,부전,2018,01/22,"1,500"
1825,양파,양파(1kg),부산,부전,2018,01/23,"1,500"
1826,양파,양파(1kg),부산,부전,2018,01/24,"1,500"
1827,양파,양파(1kg),부산,부전,2018,01/25,"1,500"
1828,양파,양파(1kg),부산,부전,2018,01/26,"1,500"
1829,양파,양파(1kg),부산,부전,2018,01/29,"1,500"
1830,양파,양파(1kg),부산,부전,2018,01/30,"1,500"
1831,양파,양파(1kg),부산,부전,2018,01/31,"1,700"
1832,양파,양파(1kg),부산,부전,2018,02/01,"1,700"
1833,양파,양파(1kg),부산,부전,2018,02/02,"1,700"
1834,양파,양파(1kg),부산,부전,2018,02/05,"1,700"
1835,양파,양파(1kg),부산,부전,2018,02/06,"1,700"
1836,양파,양파(1kg),부산,부전,2018,02/07,"1,700"
1837,양파,양파(1kg),부산,부전,2018,02/08,"1,700"
1838,양파,양파(1kg),부산,부전,2018,02/09,"1,700"
1839,양파,양파(1kg),부산,부전,2018,02/12,"1,700"
1840,양파,양파(1kg),부산,부전,2018,02/13,"1,700"
1841,양파,양파(1kg),부산,부전,2018,02/14,"1,700"
1842,양파,양파(1kg),부산,부전,2018,02/19,"1,700"
1843,양파,양파(1kg),부산,부전,2018,02/20,"1,700"
1844,양파,양파(1kg),부산,부전,2018,02/21,"1,700"
1845,양파,양파(1kg),부산,부전,2018,02/22,"1,700"
1846,양파,양파(1kg),부산,부전,2018,02/23,"1,700"
1847,양파,양파(1kg),부산,부전,2018,02/26,"1,700"
1848,양파,양파(1kg),부산,부전,2018,02/27,"1,700"
1849,양파,양파(1kg),부산,부전,2018,02/28,"1,700"
1850,양파,양파(1kg),부산,부전,2018,03/02,"1,700"
1851,양파,양파(1kg),부산,부전,2018,03/05,"1,700"
1852,양파,양파(1kg),부산,부전,2018,03/06,"1,700"
1853,양파,양파(1kg),부산,부전,2018,03/07,"1,700"
1854,양파,양파(1kg),부산,부전,2018,03/08,"1,700"
1855,양파,양파(1kg),부산,부전,2018,03/09,"1,700"
1856,양파,양파(1kg),부산,부전,2018,03/12,"1,700"
1857,양파,양파(1kg),부산,부전,2018,03/13,"1,700"
1858,양파,양파(1kg),부산,부전,2018,03/14,"1,700"
1859,양파,양파(1kg),부산,부전,2018,03/15,"1,700"
1860,양파,양파(1kg),부산,부전,2018,03/16,"1,700"
1861,양파,양파(1kg),부산,부전,2018,03/19,"1,700"
1862,양파,양파(1kg),부산,부전,2018,03/20,"1,500"
1863,양파,양파(1kg),부산,부전,2018,03/21,"1,500"
1864,양파,양파(1kg),부산,부전,2018,03/22,"1,500"
1865,양파,양파(1kg),부산,부전,2018,03/23,"1,500"
1866,양파,양파(1kg),부산,부전,2018,03/26,"1,500"
1867,양파,양파(1kg),부산,부전,2018,03/27,"1,500"
1868,양파,양파(1kg),부산,부전,2018,03/28,"1,500"
1869,양파,양파(1kg),부산,부전,2018,03/29,"1,500"
1870,양파,양파(1kg),부산,부전,2018,03/30,"1,500"
1871,양파,양파(1kg),부산,부전,2018,04/02,"1,500"
1872,양파,양파(1kg),부산,부전,2018,04/03,"1,500"
1873,양파,양파(1kg),부산,부전,2018,04/04,"1,500"
1874,양파,양파(1kg),부산,부전,2018,04/05,"1,500"
1875,양파,양파(1kg),부산,부전,2018,04/06,"1,500"
1876,양파,양파(1kg),부산,부전,2018,04/09,"1,500"
1877,양파,양파(1kg),부산,부전,2018,04/10,"1,500"
1878,양파,양파(1kg),부산,부전,2018,04/11,"1,300"
1879,양파,양파(1kg),부산,부전,2018,04/12,"1,300"
1880,양파,양파(1kg),부산,부전,2018,04/13,"1,300"
1881,양파,양파(1kg),부산,부전,2018,04/16,"1,300"
1882,양파,양파(1kg),부산,부전,2018,04/17,"1,300"
1883,양파,양파(1kg),부산,부전,2018,04/18,"1,300"
1884,양파,양파(1kg),부산,부전,2018,04/19,"1,300"
1885,양파,양파(1kg),부산,부전,2018,04/20,"1,700"
1886,양파,양파(1kg),부산,부전,2018,04/23,"1,700"
1887,양파,양파(1kg),부산,부전,2018,04/24,"1,700"
1888,양파,양파(1kg),부산,부전,2018,04/25,"1,700"
1889,양파,양파(1kg),부산,부전,2018,04/26,"1,700"
1890,양파,양파(1kg),부산,부전,2018,04/27,"1,700"
1891,양파,양파(1kg),부산,부전,2018,04/30,"1,700"
1892,양파,양파(1kg),부산,부전,2018,05/02,"1,700"
1893,양파,양파(1kg),부산,부전,2018,05/03,"1,700"
1894,양파,양파(1kg),부산,부전,2018,05/04,"1,700"
1895,양파,양파(1kg),부산,부전,2018,05/08,"1,700"
1896,양파,양파(1kg),부산,부전,2018,05/09,"1,700"
1897,양파,양파(1kg),부산,부전,2018,05/10,"1,700"
1898,양파,양파(1kg),부산,부전,2018,05/11,"1,700"
1899,양파,양파(1kg),부산,부전,2018,05/14,"1,700"
1900,양파,양파(1kg),부산,부전,2018,05/15,"1,700"
1901,양파,양파(1kg),부산,부전,2018,05/16,"1,700"
1902,양파,양파(1kg),부산,부전,2018,05/17,"1,700"
1903,양파,양파(1kg),부산,부전,2018,05/18,"1,700"
1904,양파,양파(1kg),부산,부전,2018,05/21,"1,700"
1905,양파,양파(1kg),부산,부전,2018,05/23,"1,700"
1906,양파,양파(1kg),부산,부전,2018,05/24,"1,700"
1907,양파,양파(1kg),부산,부전,2018,05/25,"1,700"
1908,양파,양파(1kg),부산,부전,2018,05/28,"1,700"
1909,양파,양파(1kg),부산,부전,2018,05/29,"1,700"
1910,양파,양파(1kg),부산,부전,2018,05/30,"1,700"
1911,양파,양파(1kg),부산,부전,2018,05/31,"1,700"
1912,양파,양파(1kg),부산,부전,2018,06/01,"1,700"
1913,양파,양파(1kg),부산,부전,2018,06/04,"1,700"
1914,양파,양파(1kg),부산,부전,2018,06/05,"1,700"
1915,양파,양파(1kg),부산,부전,2018,06/07,"1,700"
1916,양파,양파(1kg),부산,부전,2018,06/08,"1,700"
1917,양파,양파(1kg),부산,부전,2018,06/11,"1,700"
1918,양파,양파(1kg),부산,부전,2018,06/12,"1,700"
1919,양파,양파(1kg),부산,부전,2018,06/14,"1,700"
1920,양파,양파(1kg),부산,부전,2018,06/15,"1,700"
1921,양파,양파(1kg),부산,부전,2018,06/18,"1,700"
1922,양파,양파(1kg),부산,부전,2018,06/19,"1,700"
1923,양파,양파(1kg),부산,부전,2018,06/20,"1,700"
1924,양파,양파(1kg),부산,부전,2018,06/21,"1,700"
1925,양파,양파(1kg),부산,부전,2018,06/22,"1,700"
1926,양파,양파(1kg),부산,부전,2018,06/25,"1,700"
1927,양파,양파(1kg),부산,부전,2018,06/26,"1,700"
1928,양파,양파(1kg),부산,부전,2018,06/27,"1,700"
1929,양파,양파(1kg),부산,부전,2018,06/28,"1,700"
1930,양파,양파(1kg),부산,부전,2018,06/29,"1,700"
1931,양파,양파(1kg),부산,부전,2018,07/02,"1,700"
1932,양파,양파(1kg),부산,부전,2018,07/03,"1,700"
1933,양파,양파(1kg),부산,부전,2018,07/04,"1,500"
1934,양파,양파(1kg),부산,부전,2018,07/05,"1,500"
1935,양파,양파(1kg),부산,부전,2018,07/06,"1,500"
1936,양파,양파(1kg),부산,부전,2018,07/09,"1,500"
1937,양파,양파(1kg),부산,부전,2018,07/10,"1,500"
1938,양파,양파(1kg),부산,부전,2018,07/11,"1,500"
1939,양파,양파(1kg),부산,부전,2018,07/12,"1,300"
1940,양파,양파(1kg),부산,부전,2018,07/13,"1,300"
1941,양파,양파(1kg),부산,부전,2018,07/16,"1,300"
1942,양파,양파(1kg),부산,부전,2018,07/17,"1,300"
1943,양파,양파(1kg),부산,부전,2018,07/18,"1,200"
1944,양파,양파(1kg),부산,부전,2018,07/19,"1,200"
1945,양파,양파(1kg),부산,부전,2018,07/20,"1,200"
1946,양파,양파(1kg),부산,부전,2018,07/23,"1,200"
1947,양파,양파(1kg),부산,부전,2018,07/24,"1,200"
1948,양파,양파(1kg),부산,부전,2018,07/25,"1,200"
1949,양파,양파(1kg),부산,부전,2018,07/26,"1,200"
1950,양파,양파(1kg),부산,부전,2018,07/27,"1,200"
1951,양파,양파(1kg),부산,부전,2018,07/30,"1,200"
1952,양파,양파(1kg),부산,부전,2018,07/31,"1,200"
1953,양파,양파(1kg),부산,부전,2018,08/01,"1,200"
1954,양파,양파(1kg),부산,부전,2018,08/02,"1,200"
1955,양파,양파(1kg),부산,부전,2018,08/03,"1,200"
1956,양파,양파(1kg),부산,부전,2018,08/06,"1,200"
1957,양파,양파(1kg),부산,부전,2018,08/07,"1,200"
1958,양파,양파(1kg),부산,부전,2018,08/08,"1,200"
1959,양파,양파(1kg),부산,부전,2018,08/09,"1,200"
1960,양파,양파(1kg),부산,부전,2018,08/10,"1,200"
1961,양파,양파(1kg),부산,부전,2018,08/13,"1,200"
1962,양파,양파(1kg),부산,부전,2018,08/14,"1,200"
1963,양파,양파(1kg),부산,부전,2018,08/16,"1,200"
1964,양파,양파(1kg),부산,부전,2018,08/17,"1,200"
1965,양파,양파(1kg),부산,부전,2018,08/20,"1,200"
1966,양파,양파(1kg),부산,부전,2018,08/21,"1,200"
1967,양파,양파(1kg),부산,부전,2018,08/22,"1,200"
1968,양파,양파(1kg),부산,부전,2018,08/23,"1,200"
1969,양파,양파(1kg),부산,부전,2018,08/24,"1,200"
1970,양파,양파(1kg),부산,부전,2018,08/27,"1,200"
1971,양파,양파(1kg),부산,부전,2018,08/28,"1,200"
1972,양파,양파(1kg),부산,부전,2018,08/29,"1,200"
1973,양파,양파(1kg),부산,부전,2018,08/30,"1,200"
1974,양파,양파(1kg),부산,부전,2018,08/31,"1,200"
1975,양파,양파(1kg),부산,부전,2018,09/03,"1,200"
1976,양파,양파(1kg),부산,부전,2018,09/04,"1,200"
1977,양파,양파(1kg),부산,부전,2018,09/05,"1,300"
1978,양파,양파(1kg),부산,부전,2018,09/06,"1,300"
1979,양파,양파(1kg),부산,부전,2018,09/07,"1,300"
1980,양파,양파(1kg),부산,부전,2018,09/10,"1,300"
1981,양파,양파(1kg),부산,부전,2018,09/11,"1,300"
1982,양파,양파(1kg),부산,부전,2018,09/12,"1,300"
1983,양파,양파(1kg),부산,부전,2018,09/13,"1,300"
1984,양파,양파(1kg),부산,부전,2018,09/14,"1,300"
1985,양파,양파(1kg),부산,부전,2018,09/17,"1,300"
1986,양파,양파(1kg),부산,부전,2018,09/18,"1,300"
1987,양파,양파(1kg),부산,부전,2018,09/19,"1,300"
1988,양파,양파(1kg),부산,부전,2018,09/20,"1,300"
1989,양파,양파(1kg),부산,부전,2018,09/21,"1,300"
1990,양파,양파(1kg),부산,부전,2018,09/27,"1,300"
1991,양파,양파(1kg),부산,부전,2018,09/28,"1,300"
1992,양파,양파(1kg),부산,부전,2018,10/01,"1,500"
1993,양파,양파(1kg),부산,부전,2018,10/02,"1,500"
1994,양파,양파(1kg),부산,부전,2018,10/04,"1,300"
1995,양파,양파(1kg),부산,부전,2018,10/05,"1,300"
1996,양파,양파(1kg),부산,부전,2018,10/08,"1,300"
1997,양파,양파(1kg),부산,부전,2018,10/10,"1,300"
1998,양파,양파(1kg),부산,부전,2018,10/11,"1,300"
1999,양파,양파(1kg),부산,부전,2018,10/12,"1,300"
2000,양파,양파(1kg),부산,부전,2018,10/15,"1,300"
2001,양파,양파(1kg),부산,부전,2018,10/16,"1,300"
2002,양파,양파(1kg),부산,부전,2018,10/17,"1,300"
2003,양파,양파(1kg),부산,부전,2018,10/18,"1,300"
2004,양파,양파(1kg),부산,부전,2018,10/19,"1,300"
2005,양파,양파(1kg),부산,부전,2018,10/22,"1,300"
2006,양파,양파(1kg),부산,부전,2018,10/23,"1,300"
2007,양파,양파(1kg),부산,부전,2018,10/24,"1,300"
2008,양파,양파(1kg),부산,부전,2018,10/25,"1,300"
2009,양파,양파(1kg),부산,부전,2018,10/26,"1,200"
2010,양파,양파(1kg),부산,부전,2018,10/29,"1,200"
2011,양파,양파(1kg),부산,부전,2018,10/30,"1,200"
2012,양파,양파(1kg),부산,부전,2018,10/31,"1,200"
2013,양파,양파(1kg),부산,부전,2018,11/01,"1,200"
2014,양파,양파(1kg),부산,부전,2018,11/02,"1,200"
2015,양파,양파(1kg),부산,부전,2018,11/05,"1,200"
2016,양파,양파(1kg),부산,부전,2018,11/06,"1,200"
2017,양파,양파(1kg),부산,부전,2018,11/07,"1,200"
2018,양파,양파(1kg),부산,부전,2018,11/08,"1,200"
2019,양파,양파(1kg),부산,부전,2018,11/09,"1,200"
2020,양파,양파(1kg),부산,부전,2018,11/12,"1,200"
2021,양파,양파(1kg),부산,부전,2018,11/13,"1,200"
2022,양파,양파(1kg),부산,부전,2018,11/14,"1,200"
2023,양파,양파(1kg),부산,부전,2018,11/15,"1,200"
2024,양파,양파(1kg),부산,부전,2018,11/16,"1,200"
2025,양파,양파(1kg),부산,부전,2018,11/19,"1,200"
2026,양파,양파(1kg),부산,부전,2018,11/20,"1,200"
2027,양파,양파(1kg),부산,부전,2018,11/21,"1,200"
2028,양파,양파(1kg),부산,부전,2018,11/22,"1,200"
2029,양파,양파(1kg),부산,부전,2018,11/23,"1,200"
2030,양파,양파(1kg),부산,부전,2018,11/26,"1,200"
2031,양파,양파(1kg),부산,부전,2018,11/27,"1,200"
2032,양파,양파(1kg),부산,부전,2018,11/28,"1,200"
2033,양파,양파(1kg),부산,부전,2018,11/29,"1,200"
2034,양파,양파(1kg),부산,부전,2018,11/30,"1,200"
2035,양파,양파(1kg),부산,부전,2018,12/03,"1,200"
2036,양파,양파(1kg),부산,부전,2018,12/04,"1,200"
2037,양파,양파(1kg),부산,부전,2018,12/05,"1,200"
2038,양파,양파(1kg),부산,부전,2018,12/06,"1,200"
2039,양파,양파(1kg),부산,부전,2018,12/10,"1,200"
2040,양파,양파(1kg),부산,부전,2018,12/11,"1,200"
2041,양파,양파(1kg),부산,부전,2018,12/12,"1,200"
2042,양파,양파(1kg),부산,부전,2018,12/13,"1,200"
2043,양파,양파(1kg),부산,부전,2018,12/14,"1,200"
2044,양파,양파(1kg),부산,부전,2018,12/17,"1,200"
2045,양파,양파(1kg),부산,부전,2018,12/18,"1,200"
2046,양파,양파(1kg),부산,부전,2018,12/19,"1,200"
2047,양파,양파(1kg),부산,부전,2018,12/20,"1,200"
2048,양파,양파(1kg),부산,부전,2018,12/21,"1,200"
2049,양파,양파(1kg),부산,부전,2018,12/24,"1,200"
2050,양파,양파(1kg),부산,부전,2018,12/26,"1,200"
2051,양파,양파(1kg),부산,부전,2018,12/27,"1,200"
2052,양파,양파(1kg),부산,부전,2018,12/28,"1,200"
2053,양파,양파(1kg),부산,부전,2018,12/31,"1,200"
2054,양파,양파(1kg),부산,부전,2019,01/02,"1,200"
2055,양파,양파(1kg),부산,부전,2019,01/03,"1,200"
2056,양파,양파(1kg),부산,부전,2019,01/04,"1,200"
2057,양파,양파(1kg),부산,부전,2019,01/07,"1,200"
2058,양파,양파(1kg),부산,부전,2019,01/08,"1,200"
2059,양파,양파(1kg),부산,부전,2019,01/09,"1,200"
2060,양파,양파(1kg),부산,부전,2019,01/10,"1,200"
2061,양파,양파(1kg),부산,부전,2019,01/11,"1,200"
2062,양파,양파(1kg),부산,부전,2019,01/14,"1,200"
2063,양파,양파(1kg),부산,부전,2019,01/15,"1,200"
2064,양파,양파(1kg),부산,부전,2019,01/16,"1,200"
2065,양파,양파(1kg),부산,부전,2019,01/17,"1,200"
2066,양파,양파(1kg),부산,부전,2019,01/18,"1,200"
2067,양파,양파(1kg),부산,부전,2019,01/21,"1,200"
2068,양파,양파(1kg),부산,부전,2019,01/22,"1,200"
2069,양파,양파(1kg),부산,부전,2019,01/23,"1,200"
2070,양파,양파(1kg),부산,부전,2019,01/24,"1,200"
2071,양파,양파(1kg),부산,부전,2019,01/25,"1,200"
2072,양파,양파(1kg),부산,부전,2019,01/28,"1,200"
2073,양파,양파(1kg),부산,부전,2019,01/29,"1,200"
2074,양파,양파(1kg),부산,부전,2019,01/30,"1,200"
2075,양파,양파(1kg),부산,부전,2019,01/31,"1,200"
2076,양파,양파(1kg),부산,부전,2019,02/01,"1,200"
2077,양파,양파(1kg),부산,부전,2019,02/07,"1,200"
2078,양파,양파(1kg),부산,부전,2019,02/08,"1,200"
2079,양파,양파(1kg),부산,부전,2019,02/11,"1,200"
2080,양파,양파(1kg),부산,부전,2019,02/12,"1,200"
2081,양파,양파(1kg),부산,부전,2019,02/13,"1,200"
2082,양파,양파(1kg),부산,부전,2019,02/14,"1,200"
2083,양파,양파(1kg),부산,부전,2019,02/15,"1,200"
2084,양파,양파(1kg),부산,부전,2019,02/18,"1,200"
2085,양파,양파(1kg),부산,부전,2019,02/19,"1,200"
2086,양파,양파(1kg),부산,부전,2019,02/20,"1,200"
2087,양파,양파(1kg),부산,부전,2019,02/21,"1,200"
2088,양파,양파(1kg),부산,부전,2019,02/22,"1,200"
2089,양파,양파(1kg),부산,부전,2019,02/25,"1,200"
2090,양파,양파(1kg),부산,부전,2019,02/26,"1,200"
2091,양파,양파(1kg),부산,부전,2019,02/27,"1,200"
2092,양파,양파(1kg),부산,부전,2019,02/28,"1,200"
2093,양파,양파(1kg),부산,부전,2019,03/04,"1,200"
2094,양파,양파(1kg),부산,부전,2019,03/05,"1,200"
2095,양파,양파(1kg),부산,부전,2019,03/06,"1,200"
2096,양파,양파(1kg),부산,부전,2019,03/07,"1,200"
2097,양파,양파(1kg),부산,부전,2019,03/08,"1,200"
2098,양파,양파(1kg),부산,부전,2019,03/11,"1,200"
2099,양파,양파(1kg),부산,부전,2019,03/12,"1,200"
2100,양파,양파(1kg),부산,부전,2019,03/13,"1,200"
2101,양파,양파(1kg),부산,부전,2019,03/14,"1,200"
2102,양파,양파(1kg),부산,부전,2019,03/15,"1,200"
2103,양파,양파(1kg),부산,부전,2019,03/18,"1,200"
2104,양파,양파(1kg),부산,부전,2019,03/19,"1,200"
2105,양파,양파(1kg),부산,부전,2019,03/20,"1,200"
2106,양파,양파(1kg),부산,부전,2019,03/21,"1,200"
2107,양파,양파(1kg),부산,부전,2019,03/22,"1,200"
2108,양파,양파(1kg),부산,부전,2019,03/25,"1,200"
2109,양파,양파(1kg),부산,부전,2019,03/26,"1,200"
2110,양파,양파(1kg),부산,부전,2019,03/27,"1,200"
2111,양파,양파(1kg),부산,부전,2019,03/28,"1,200"
2112,양파,양파(1kg),부산,부전,2019,03/29,"1,200"
2113,양파,양파(1kg),부산,부전,2019,04/01,"1,200"
2114,양파,양파(1kg),부산,부전,2019,04/02,"1,200"
2115,양파,양파(1kg),부산,부전,2019,04/03,"1,200"
2116,양파,양파(1kg),부산,부전,2019,04/04,"1,200"
2117,양파,양파(1kg),부산,부전,2019,04/05,"1,200"
2118,양파,양파(1kg),부산,부전,2019,04/08,"1,200"
2119,양파,양파(1kg),부산,부전,2019,04/09,"1,200"
2120,양파,양파(1kg),부산,부전,2019,04/10,"1,200"
2121,양파,양파(1kg),부산,부전,2019,04/11,"1,200"
2122,양파,양파(1kg),부산,부전,2019,04/12,"1,200"
2123,양파,양파(1kg),부산,부전,2019,04/15,"1,200"
2124,양파,양파(1kg),부산,부전,2019,04/16,"1,200"
2125,양파,양파(1kg),부산,부전,2019,04/17,"1,200"
2126,양파,양파(1kg),부산,부전,2019,04/18,"1,200"
2127,양파,양파(1kg),부산,부전,2019,04/19,"1,200"
2128,양파,양파(1kg),부산,부전,2019,04/22,"1,200"
2129,양파,양파(1kg),부산,부전,2019,04/23,"1,200"
2130,양파,양파(1kg),부산,부전,2019,04/24,"1,500"
2131,양파,양파(1kg),부산,부전,2019,04/25,"1,500"
2132,양파,양파(1kg),부산,부전,2019,04/26,"1,500"
2133,양파,양파(1kg),부산,부전,2019,04/29,"1,500"
2134,양파,양파(1kg),부산,부전,2019,04/30,"1,500"
2135,양파,양파(1kg),부산,부전,2019,05/02,"1,500"
2136,양파,양파(1kg),부산,부전,2019,05/03,"1,500"
2137,양파,양파(1kg),부산,부전,2019,05/07,"1,500"
2138,양파,양파(1kg),부산,부전,2019,05/08,"1,500"
2139,양파,양파(1kg),부산,부전,2019,05/09,"1,500"
2140,양파,양파(1kg),부산,부전,2019,05/10,"1,500"
2141,양파,양파(1kg),부산,부전,2019,05/13,"1,500"
2142,양파,양파(1kg),부산,부전,2019,05/14,"1,500"
2143,양파,양파(1kg),부산,부전,2019,05/15,"1,500"
2144,양파,양파(1kg),부산,부전,2019,05/16,"1,500"
2145,양파,양파(1kg),부산,부전,2019,05/17,"1,500"
2146,양파,양파(1kg),부산,부전,2019,05/20,"1,500"
2147,양파,양파(1kg),부산,부전,2019,05/21,"1,300"
2148,양파,양파(1kg),부산,부전,2019,05/22,"1,300"
2149,양파,양파(1kg),부산,부전,2019,05/23,"1,300"
2150,양파,양파(1kg),부산,부전,2019,05/24,"1,300"
2151,양파,양파(1kg),부산,부전,2019,05/27,"1,300"
2152,양파,양파(1kg),부산,부전,2019,05/28,"1,300"
2153,양파,양파(1kg),부산,부전,2019,05/29,"1,300"
2154,양파,양파(1kg),부산,부전,2019,05/30,"1,300"
2155,양파,양파(1kg),부산,부전,2019,05/31,"1,300"
2156,양파,양파(1kg),부산,부전,2019,06/03,"1,300"
2157,양파,양파(1kg),부산,부전,2019,06/04,"1,300"
2158,양파,양파(1kg),부산,부전,2019,06/05,"1,300"
2159,양파,양파(1kg),부산,부전,2019,06/07,"1,300"
2160,양파,양파(1kg),부산,부전,2019,06/10,"1,300"
2161,양파,양파(1kg),부산,부전,2019,06/11,"1,300"
2162,양파,양파(1kg),부산,부전,2019,06/12,"1,300"
2163,양파,양파(1kg),부산,부전,2019,06/13,"1,300"
2164,양파,양파(1kg),부산,부전,2019,06/14,"1,300"
2165,양파,양파(1kg),부산,부전,2019,06/17,"1,300"
2166,양파,양파(1kg),부산,부전,2019,06/18,"1,300"
2167,양파,양파(1kg),부산,부전,2019,06/19,"1,300"
2168,양파,양파(1kg),부산,부전,2019,06/20,"1,300"
2169,양파,양파(1kg),부산,부전,2019,06/21,"1,300"
2170,양파,양파(1kg),부산,부전,2019,06/24,"1,300"
2171,양파,양파(1kg),부산,부전,2019,06/25,"1,300"
2172,양파,양파(1kg),부산,부전,2019,06/26,"1,300"
2173,양파,양파(1kg),부산,부전,2019,06/27,"1,300"
2174,양파,양파(1kg),부산,부전,2019,06/28,"1,300"
2175,양파,양파(1kg),부산,부전,2019,07/01,"1,300"
2176,양파,양파(1kg),부산,부전,2019,07/02,"1,300"
2177,양파,양파(1kg),부산,부전,2019,07/03,"1,300"
2178,양파,양파(1kg),부산,부전,2019,07/04,"1,300"
2179,양파,양파(1kg),부산,부전,2019,07/05,"1,300"
2180,양파,양파(1kg),부산,부전,2019,07/08,"1,300"
2181,양파,양파(1kg),부산,부전,2019,07/09,"1,300"
2182,양파,양파(1kg),부산,부전,2019,07/10,"1,300"
2183,양파,양파(1kg),부산,부전,2019,07/11,"1,300"
2184,양파,양파(1kg),부산,부전,2019,07/12,"1,300"
2185,양파,양파(1kg),부산,부전,2019,07/15,"1,300"
2186,양파,양파(1kg),부산,부전,2019,07/16,"1,300"
2187,양파,양파(1kg),부산,부전,2019,07/17,"1,300"
2188,양파,양파(1kg),부산,부전,2019,07/18,"1,300"
2189,양파,양파(1kg),부산,부전,2019,07/19,"1,300"
2190,양파,양파(1kg),부산,부전,2019,07/22,"1,300"
2191,양파,양파(1kg),부산,부전,2019,07/23,"1,300"
2192,양파,양파(1kg),부산,부전,2019,07/24,"1,300"
2193,양파,양파(1kg),부산,부전,2019,07/25,"1,300"
2194,양파,양파(1kg),부산,부전,2019,07/26,"1,000"
2195,양파,양파(1kg),부산,부전,2019,07/29,"1,000"
2196,양파,양파(1kg),부산,부전,2019,07/30,"1,000"
2197,양파,양파(1kg),부산,부전,2019,07/31,"1,000"
2198,양파,양파(1kg),부산,부전,2019,08/01,"1,000"
2199,양파,양파(1kg),부산,부전,2019,08/02,"1,000"
2200,양파,양파(1kg),부산,부전,2019,08/05,"1,000"
2201,양파,양파(1kg),부산,부전,2019,08/06,"1,000"
2202,양파,양파(1kg),부산,부전,2019,08/07,"1,000"
2203,양파,양파(1kg),부산,부전,2019,08/08,"1,000"
2204,양파,양파(1kg),부산,부전,2019,08/09,"1,000"
2205,양파,양파(1kg),부산,부전,2019,08/12,"1,000"
2206,양파,양파(1kg),부산,부전,2019,08/13,"1,000"
2207,양파,양파(1kg),부산,부전,2019,08/14,"1,000"
2208,양파,양파(1kg),부산,부전,2019,08/16,"1,000"
2209,양파,양파(1kg),부산,부전,2019,08/19,"1,000"
2210,양파,양파(1kg),부산,부전,2019,08/20,"1,000"
2211,양파,양파(1kg),부산,부전,2019,08/21,"1,000"
2212,양파,양파(1kg),부산,부전,2019,08/22,"1,000"
2213,양파,양파(1kg),부산,부전,2019,08/23,"1,000"
2214,양파,양파(1kg),부산,부전,2019,08/26,"1,000"
2215,양파,양파(1kg),부산,부전,2019,08/27,"1,000"
2216,양파,양파(1kg),부산,부전,2019,08/28,"1,000"
2217,양파,양파(1kg),부산,부전,2019,08/29,"1,000"
2218,양파,양파(1kg),부산,부전,2019,08/30,"1,000"
2219,양파,양파(1kg),부산,부전,2019,09/02,"1,000"
2220,양파,양파(1kg),부산,부전,2019,09/03,"1,000"
2221,양파,양파(1kg),부산,부전,2019,09/04,"1,000"
2222,양파,양파(1kg),부산,부전,2019,09/05,"1,000"
2223,양파,양파(1kg),부산,부전,2019,09/06,"1,000"
2224,양파,양파(1kg),부산,부전,2019,09/09,"1,000"
2225,양파,양파(1kg),부산,부전,2019,09/10,"1,000"
2226,양파,양파(1kg),부산,부전,2019,09/11,"1,000"
2227,양파,양파(1kg),부산,부전,2019,09/16,"1,000"
2228,양파,양파(1kg),부산,부전,2019,09/17,"1,000"
2229,양파,양파(1kg),부산,부전,2019,09/18,"1,000"
2230,양파,양파(1kg),부산,부전,2019,09/19,"1,000"
2231,양파,양파(1kg),부산,부전,2019,09/20,"1,000"
2232,양파,양파(1kg),부산,부전,2019,09/23,"1,000"
2233,양파,양파(1kg),부산,부전,2019,09/24,"1,000"
2234,양파,양파(1kg),부산,부전,2019,09/25,"1,000"
2235,양파,양파(1kg),부산,부전,2019,09/26,"1,000"
2236,양파,양파(1kg),부산,부전,2019,09/27,"1,000"
2237,양파,양파(1kg),부산,부전,2019,09/30,"1,000"
2238,양파,양파(1kg),부산,부전,2019,10/01,"1,000"
2239,양파,양파(1kg),부산,부전,2019,10/02,"1,000"
2240,양파,양파(1kg),부산,부전,2019,10/04,"1,000"
2241,양파,양파(1kg),부산,부전,2019,10/07,"1,000"
2242,양파,양파(1kg),부산,부전,2019,10/08,"1,000"
2243,양파,양파(1kg),부산,부전,2019,10/10,"1,000"
2244,양파,양파(1kg),부산,부전,2019,10/11,"1,000"
2245,양파,양파(1kg),부산,부전,2019,10/14,"1,000"
2246,양파,양파(1kg),부산,부전,2019,10/15,"1,000"
2247,양파,양파(1kg),부산,부전,2019,10/16,"1,000"
2248,양파,양파(1kg),부산,부전,2019,10/17,"1,000"
2249,양파,양파(1kg),부산,부전,2019,10/18,"1,000"
2250,양파,양파(1kg),부산,부전,2019,10/21,"1,000"
2251,양파,양파(1kg),부산,부전,2019,10/22,"1,000"
2252,양파,양파(1kg),부산,부전,2019,10/23,"1,000"
2253,양파,양파(1kg),부산,부전,2019,10/24,"1,000"
2254,양파,양파(1kg),부산,부전,2019,10/25,"1,000"
2255,양파,양파(1kg),부산,부전,2019,10/28,"1,000"
2256,양파,양파(1kg),부산,부전,2019,10/29,"1,000"
2257,양파,양파(1kg),부산,부전,2019,10/30,"1,000"
2258,양파,양파(1kg),부산,부전,2019,10/31,"1,000"
2259,양파,양파(1kg),부산,부전,2019,11/01,"1,000"
2260,양파,양파(1kg),부산,부전,2019,11/04,"1,000"
2261,양파,양파(1kg),부산,부전,2019,11/05,"1,000"
2262,양파,양파(1kg),부산,부전,2019,11/06,"1,000"
2263,양파,양파(1kg),부산,부전,2019,11/07,"1,000"
2264,양파,양파(1kg),부산,부전,2019,11/08,"1,000"
2265,양파,양파(1kg),부산,부전,2019,11/11,"1,000"
2266,양파,양파(1kg),부산,부전,2019,11/12,"1,000"
2267,양파,양파(1kg),부산,부전,2019,11/13,"1,000"
2268,양파,양파(1kg),부산,부전,2019,11/14,"1,000"
2269,양파,양파(1kg),부산,부전,2019,11/15,"1,000"
2270,양파,양파(1kg),부산,부전,2019,11/18,"1,000"
2271,양파,양파(1kg),부산,부전,2019,11/19,"1,000"
2272,양파,양파(1kg),부산,부전,2019,11/20,"1,000"
2273,양파,양파(1kg),부산,부전,2019,11/21,"1,000"
2274,양파,양파(1kg),부산,부전,2019,11/22,"1,000"
2275,양파,양파(1kg),부산,부전,2019,11/25,"1,000"
2276,양파,양파(1kg),부산,부전,2019,11/26,"1,000"
2277,양파,양파(1kg),부산,부전,2019,11/27,"1,000"
2278,양파,양파(1kg),부산,부전,2019,11/28,"1,000"
2279,양파,양파(1kg),부산,부전,2019,11/29,"1,000"
2280,양파,양파(1kg),부산,부전,2019,12/02,"1,000"
2281,양파,양파(1kg),부산,부전,2019,12/03,"1,000"
2282,양파,양파(1kg),부산,부전,2019,12/04,"1,000"
2283,양파,양파(1kg),부산,부전,2019,12/05,"1,000"
2284,양파,양파(1kg),부산,부전,2019,12/09,"1,000"
2285,양파,양파(1kg),부산,부전,2019,12/10,"1,000"
2286,양파,양파(1kg),부산,부전,2019,12/11,"1,000"
2287,양파,양파(1kg),부산,부전,2019,12/12,"1,000"
2288,양파,양파(1kg),부산,부전,2019,12/13,"1,000"
2289,양파,양파(1kg),부산,부전,2019,12/16,"1,000"
2290,양파,양파(1kg),부산,부전,2019,12/17,"1,000"
2291,양파,양파(1kg),부산,부전,2019,12/18,"1,000"
2292,양파,양파(1kg),부산,부전,2019,12/19,"1,000"
2293,양파,양파(1kg),부산,부전,2019,12/20,"1,000"
2294,양파,양파(1kg),부산,부전,2019,12/23,"1,000"
2295,양파,양파(1kg),부산,부전,2019,12/24,"1,000"
2296,양파,양파(1kg),부산,부전,2019,12/26,"1,000"
2297,양파,양파(1kg),부산,부전,2019,12/27,"1,000"
2298,양파,양파(1kg),부산,부전,2019,12/30,"1,000"
2299,양파,양파(1kg),부산,부전,2019,12/31,"1,000"
